Date Sample Collected,Time Sample Collected,Temperature,Dissolved Oxygen,pH,Secchi Depth,Salinity (Field),E. coli,Chlorophyll a,Chloro-a Phenophytin ratio,Suspended Solids,Organic Carbon - Total,Phosphate as P,Total Nitrogen as N,Total Phosphorus as P,TKN as N (TN-NOX)
2014-02-20T00:00:00,07:45:00,28.9,5.7,7.6,0.8,31.1,5 EST,7.5,1.1,18,13,0.068,0.43,0.12,0.43
2014-02-20T00:00:00,08:13:00,28.9,4.7,7.6,0.8,30.8,5 EST,7.5,1.1,27,12,0.078,0.42,0.13,0.42
2014-02-20T00:00:00,08:40:00,29.2,4.2,7.5,0.8,29.2,8 EST,8.5,1.1,25,16,0.087,0.43,0.14,0.43
2014-02-20T00:00:00,09:00:00,29.4,5.4,7.5,0.9,28.5,6 EST,7.5,1.1,29,13,0.084,0.44,0.14,0.44
2014-02-20T00:00:00,09:40:00,29.5,6.9,7.5,0.9,27.4,10,12,1.1,21,14,0.13,0.47,0.19,0.47
2014-02-20T00:00:00,10:10:00,29.5,4.8,7.5,0.9,29.1,11,11,1.1,30,15,0.087,0.48,0.14,0.48
2014-02-20T00:00:00,10:35:00,29.6,4.3,7.4,0.9,27.6,3 EST,13,1.1,18,13,0.071,0.47,0.13,0.47
2014-02-20T00:00:00,11:00:00,30.2,5.6,7.5,0.9,25.8,13,14,1.2,12,14,0.053,0.44,0.11,0.44
2014-03-05T00:00:00,07:45:00,25.9,6,7.6,0.7,31.6,4 EST,5.3,1.1,16,14,0.064,0.5,0.13,0.5
2014-03-05T00:00:00,08:00:00,26,5.3,7.6,0.7,31.5,7 EST,7.5,1.1,14,11,0.069,0.48,0.13,0.48
2014-03-05T00:00:00,08:20:00,26.3,4.8,7.6,0.75,29.4,5 EST,7.5,1.1,11,16,0.072,0.52,0.13,0.51
2014-03-05T00:00:00,08:40:00,25.9,4.3,7.5,0.7,24.6,8 EST,6.4,1.1,6,15,0.13,0.57,0.19,0.55
2014-03-05T00:00:00,09:00:00,26.4,4.9,7.5,0.7,24.7,6 EST,9.6,1.1,11,15,0.16,0.63,0.22,0.6
2014-03-05T00:00:00,09:25:00,26.6,4.8,7.5,0.7,27.9,10 EST,7.5,1.1,16,12,0.07,0.51,0.13,0.5
2014-03-05T00:00:00,09:45:00,26.5,4.1,7.4,0.7,27.3,9 EST,9.6,1.1,21,13,0.056,0.49,0.12,0.47
2014-03-05T00:00:00,10:10:00,26.3,4.8,7.4,0.7,26.1,14,15,1.2,15,12,0.038,0.48,0.11,0.48
2014-04-10T00:00:00,08:35:00,24.8,6.1,7.8,1.2,21.1,6,2.1,1,7,13,0.064,0.45,0.1,0.44
2014-04-10T00:00:00,08:58:00,25.5,5.2,7.7,1.2,21.6,32,2.1,1,10,11,0.094,0.49,0.14,0.47
2014-04-10T00:00:00,10:10:00,25.9,4.3,7.6,1.2,19,23,8.5,1.1,9,11,0.11,0.67,0.18,0.64
2014-04-10T00:00:00,10:37:00,26,4.2,7.5,1.1,18.5,16,5.3,1.1,11,12,0.087,0.55,0.14,0.51
2014-04-10T00:00:00,10:56:00,26.1,3.6,7.4,1.1,17.8,21,5.3,1.1,8,11,0.08,0.56,0.13,0.51
2014-04-10T00:00:00,11:20:00,25.8,5.7,7.3,1.1,14.2,36,4.3,1.1,5,12,0.064,0.55,0.11,0.48
2014-04-10T00:00:00,11:50:00,25.7,4.4,7.2,0.5,11.7,74,4.3,1,6,13,0.049,0.53,0.09,0.44
2014-05-15T00:00:00,11:47:00,21,7.2,7.9,1,30.7,200,3.2,1,6,8,0.037,0.29,0.06,0.29
2014-05-15T00:00:00,11:21:00,21.1,6.5,7.8,1,31.6,230,3.2,1.1,4,9,0.044,0.33,0.08,0.33
2014-05-15T00:00:00,10:50:00,21.2,6.7,7.8,1,29.3,170,4.3,1.1,6,10,0.043,0.33,0.08,0.33
2014-05-15T00:00:00,10:18:00,21.2,6.6,7.7,1,28.1,200,4.3,1.1,10,7,0.052,0.36,0.09,0.36
2014-05-15T00:00:00,10:00:00,20.9,6,7.7,1,28,140,5.3,1.1,14,6,0.06,0.4,0.1,0.4
2014-05-15T00:00:00,09:31:00,21,7.7,7.7,1,27.6,100 EST,7.5,1.1,8,4,0.063,0.41,0.11,0.41
2014-05-15T00:00:00,08:55:00,21.1,5.8,7.5,1,25.7,38,4.3,1,9,7,0.074,0.41,0.11,0.38
2014-05-15T00:00:00,08:34:00,21,6,7.3,1,23.8,35,2.1,1,3,6,0.057,0.39,0.08,0.34
2014-06-18T00:00:00,08:32:00,17.6,7.3,7.6,0.95,30.5,37,4.3,1,10,15,0.056,0.45,0.08,0.41
2014-06-18T00:00:00,09:05:00,18,9,7.5,1.2,28.9,15,3.2,1,4,13,0.066,0.43,0.09,0.38
2014-06-18T00:00:00,09:26:00,18.3,6.2,7.4,1.5,28.1,8 EST,2.1,1,7,11,0.078,0.45,0.1,0.39
2014-06-18T00:00:00,09:47:00,18.6,5.6,7.4,1.4,26.3,12,2.1,1,5,10,0.1,0.49,0.13,0.43
2014-06-18T00:00:00,10:08:00,18.6,8.9,7.4,1.4,25.7,6 EST,2.1,1,3,11,0.074,0.46,0.1,0.4
2014-06-18T00:00:00,10:24:00,18.4,5.2,7.3,1.6,25.6,7 EST,2.1,1,4,10,0.054,0.44,0.08,0.36
2014-06-18T00:00:00,10:41:00,18.3,9,7.3,1.5,25.1,5 EST,3.2,1,7,10,0.053,0.42,0.08,0.34
2014-06-18T00:00:00,11:05:00,18.4,8.9,7.3,1.2,23.8,8 EST,2.1,1,9,10,0.049,0.44,0.07,0.36
2014-07-31T00:00:00,07:35:00,16.5,7.4,7.5,1.6,30.8,20,1.6,1,7,15,0.043,0.31,0.06,0.29
2014-07-31T00:00:00,08:05:00,17.1,6.5,7.6,1.7,30.9,25,3.2,1.1,5,12,0.055,0.37,0.08,0.36
2014-07-31T00:00:00,08:25:00,17.5,6.4,7.6,1.7,29.9,24,2.1,1.1,5,13,0.058,0.34,0.08,0.32
2014-07-31T00:00:00,08:50:00,17.6,5.8,7.4,1.7,28.4,8 EST,1.3,1,7,10,0.06,0.35,0.08,0.33
2014-07-31T00:00:00,09:15:00,17.8,8.1,7.4,1.8,26.3,10,2.1,1,4,11,0.071,0.37,0.09,0.35
2014-07-31T00:00:00,09:40:00,17.7,6.5,7.4,1.8,28,9,2.1,1,7,11,0.062,0.36,0.09,0.34
2014-07-31T00:00:00,10:05:00,17.4,5.8,7.3,1.9,27.2,6 EST,<1,1,6,10,0.05,0.31,0.07,0.29
2014-07-31T00:00:00,10:35:00,17.3,6.1,7.3,1.4,26.4,15,1.1,1,2,13,0.042,0.27,0.05,0.25
2014-08-21T00:00:00,07:48:00,17.6,8.1,7.7,1.4,24.8,18,1.1,1,8,13,0.06,0.44,0.08,0.34
2014-08-21T00:00:00,08:20:00,17.9,6.6,7.7,1.4,25.6,78,2.1,1,7,12,0.087,0.64,0.11,0.54
2014-08-21T00:00:00,08:44:00,18.4,6.4,7.6,1.4,24,110,2.1,1,20,11,0.094,0.5,0.12,0.41
2014-08-21T00:00:00,09:11:00,18.7,5.8,7.5,1.6,21.3,160,3.2,1.1,17,14,0.13,0.56,0.16,0.46
2014-08-21T00:00:00,09:28:00,18.9,5.3,7.5,1.5,23.4,120,1.1,1,8,11,0.11,0.53,0.13,0.44
2014-08-21T00:00:00,09:43:00,18.9,5.3,7.4,1.5,22.5,32,1.6,1,18,<10,0.098,0.49,0.12,0.4
2014-08-21T00:00:00,10:01:00,19.1,4.8,7.4,1.5,21.2,16,1.6,1,6,10,0.069,0.45,0.09,0.36
2014-08-21T00:00:00,10:24:00,18.8,5.4,7.4,1.2,19.3,41,1.1,1,3,<10,0.046,0.42,0.06,0.33
2014-09-04T00:00:00,07:30:00,17.7,8.5,7.7,1.8,23.3,4 EST,2.1,1,3,15,0.037,0.31,0.05,0.27
2014-09-04T00:00:00,08:02:00,17.8,7.7,7.7,1.4,23.5,20,3.2,1.1,4,11,0.047,0.34,0.07,0.3
2014-09-04T00:00:00,08:22:00,18.5,7.3,7.7,2.3,21.8,6 EST,3.7,1.1,4,12,0.047,0.42,0.07,0.38
2014-09-04T00:00:00,08:46:00,18.9,6.9,7.6,1.7,21.6,7 EST,4.3,1.1,6,<10,0.046,0.36,0.07,0.31
2014-09-04T00:00:00,09:00:00,18.5,6.6,7.5,1.6,20.9,5 EST,3.7,1.1,5,12,0.046,0.36,0.07,0.3
2014-09-04T00:00:00,09:12:00,18.5,6.4,7.5,2.5,20.3,5 EST,2.7,1.1,5,11,0.047,0.34,0.06,0.28
2014-09-04T00:00:00,09:35:00,18.5,6.1,7.5,2.3,19.1,6 EST,1.6,1,2,<10,0.041,0.32,0.05,0.27
2014-09-04T00:00:00,10:02:00,17.9,6.1,7.4,0.5,17.3,22,1.1,1,<2,11,0.031,0.29,0.04,0.25
2014-10-09T00:00:00,08:00:00,24.2,6.6,7.7,1,27.8,5 EST,4.7,1.1,20,10,0.045,0.33,0.08,0.33
2014-10-09T00:00:00,08:28:00,24.3,6.2,7.7,1,28.1,8 EST,4.7,1.1,10,8,0.047,0.31,0.07,0.31
2014-10-09T00:00:00,09:03:00,24.4,6,7.7,1,27.3,14,4,1.1,20,7,0.05,0.31,0.08,0.31
2014-10-09T00:00:00,09:25:00,24.4,5.8,7.7,1,26.6,8 EST,5.3,1.1,10,8,0.052,0.31,0.08,0.31
2014-10-09T00:00:00,09:50:00,24.4,5.9,7.7,1,26.6,14,6,1.1,7,8,0.055,0.32,0.08,0.32
2014-10-09T00:00:00,10:10:00,24.5,5,7.7,1.3,26.2,10,6.7,1.1,12,9,0.057,0.33,0.08,0.33
2014-10-09T00:00:00,10:32:00,24.6,5.4,7.7,1.2,24.9,11,7.3,1.1,4,8,0.066,0.35,0.09,0.35
2014-10-09T00:00:00,10:54:00,24.6,4.7,7.5,1.2,22.8,11,6.7,1.1,6,9,0.065,0.36,0.09,0.35
2014-11-13T00:00:00,07:30:00,26.6,6.5,7.5,0.9,30.1,13,26,3.7,8,<10,0.053,0.41,0.09,0.41
2014-11-13T00:00:00,08:00:00,27.5,4.9,7.5,0.9,32.4,11,42,7.8,8,<10,0.054,0.37,0.09,0.37
2014-11-13T00:00:00,08:20:00,27.4,4.3,7.5,0.9,30,12,8,2,5,13,0.057,0.37,0.09,0.37
2014-11-13T00:00:00,08:40:00,27.5,4.4,7.4,1,28.7,8 EST,21,6.4,6,11,0.083,0.52,0.12,0.51
2014-11-13T00:00:00,09:00:00,27.6,4.9,7.4,0.9,29.4,26,6.9,1.2,4,13,0.095,0.51,0.13,0.49
2014-11-13T00:00:00,09:15:00,27.9,4.3,7.4,0.9,28.9,4 EST,9.1,1.2,11,15,0.051,0.38,0.09,0.38
2014-11-13T00:00:00,09:35:00,27.6,3.7,7.4,0.9,28.1,11,4.8,1.1,6,15,0.055,0.39,0.1,0.38
2014-11-13T00:00:00,10:00:00,27.8,4.3,7.3,0.9,26.1,5 EST,4.3,1.2,6,21,0.045,0.38,0.07,0.36
2014-12-18T00:00:00,07:35:00,28,7.9,7.8,1.1,31,1 EST,5.3,1.1,6,19,0.056,0.4,0.09,0.4
2014-12-18T00:00:00,08:05:00,28.4,6.1,7.8,1,30.3,1 EST,5.9,1.1,8,16,0.063,0.36,0.09,0.36
2014-12-18T00:00:00,08:35:00,28.1,7.4,7.7,1,28.9,5 EST,5.9,1.1,10,13,0.077,0.38,0.11,0.38
2014-12-18T00:00:00,09:00:00,28.1,7.2,7.7,1,27.3,5 EST,9.6,1.2,11,14,0.1,0.42,0.14,0.42
2014-12-18T00:00:00,09:20:00,28.1,5.8,7.7,0.9,29,7 EST,9.1,1.2,14,14,0.083,0.41,0.12,0.41
2014-12-18T00:00:00,09:37:00,28.4,7.2,7.7,0.9,28.2,5 EST,14,1.2,28,14,0.089,0.46,0.14,0.46
2014-12-18T00:00:00,09:57:00,29.4,5.8,7.5,0.9,26.1,14,11,1.2,9,14,0.077,0.46,0.12,0.46
2014-12-18T00:00:00,10:25:00,29.6,5.7,7.5,0.8,24.3,20,10,1.2,25,14,0.068,0.42,0.11,0.42
2015-01-07T00:00:00,07:52:00,27.6,6.1,7.4,0.9,23.8,34,6.4,1.1,14,14,0.049,0.53,0.1,0.53
2015-01-07T00:00:00,08:28:00,27.8,7.6,7.5,0.9,24.1,24,9.6,1.1,10,<10,0.053,0.48,0.1,0.48
2015-01-07T00:00:00,09:16:00,27.9,5.7,7.5,0.9,22.8,25,13,1.1,8,10,0.053,0.51,0.1,0.51
2015-01-07T00:00:00,08:56:00,28,6.1,7.5,0.9,21.3,25,5.3,1.1,8,<10,0.062,0.61,0.12,0.61
2015-01-07T00:00:00,09:39:00,28,6.4,7.5,0.9,21.4,36,7.5,1.1,15,<10,0.06,0.6,0.11,0.59
2015-01-07T00:00:00,10:00:00,28.1,5.8,7.5,0.9,22.3,28,7.5,1.1,14,<10,0.061,0.58,0.12,0.58
2015-01-07T00:00:00,10:25:00,28.2,7.5,7.4,0.9,21.3,15,7.5,1.1,9,<10,0.069,0.62,0.13,0.61
2015-01-07T00:00:00,10:47:00,28.5,7.6,7.3,0.9,19,13,9.6,1.1,10,<10,0.067,0.58,0.12,0.54
2015-03-12T00:00:00,07:20:00,28.1,5.5,7.5,0.4,20000,8 EST,3.3,1.1,7,6,0.024,0.5,0.07,0.5
2015-03-12T00:00:00,07:51:00,28.7,5.2,7.5,0.4,20200,5 EST,4.7,1.1,5,4,0.039,0.45,0.08,0.45
2015-03-12T00:00:00,08:12:00,28.6,5,7.4,0.4,17100,5 EST,6.7,1.1,4,5,0.041,0.54,0.08,0.54
2015-03-12T00:00:00,08:33:00,28.8,4.7,7.4,0.4,15800,12,6,1.1,3,6,0.086,0.53,0.13,0.52
2015-03-12T00:00:00,08:56:00,28.7,4.9,7.4,0.4,15500,16,7.3,1.1,6,4,0.034,0.5,0.09,0.5
2015-03-12T00:00:00,09:15:00,28.7,4.8,7.4,0.4,14700,7 EST,7.3,1.1,5,4,0.036,0.44,0.08,0.44
2015-03-12T00:00:00,09:37:00,28.7,4.2,7.3,0.4,12500,16,8,1.1,6,5,0.036,0.44,0.09,0.44
2015-03-12T00:00:00,09:54:00,28.7,4.7,7.3,0.4,11400,22,9.3,1.2,<2,<1,0.025,0.4,0.07,0.4
2015-04-23T00:00:00,08:16:00,21.4,4.4,7.4,1.5,21.2,6 EST,5.3,1.1,8,5,0.04,0.51,0.08,0.47
2015-04-23T00:00:00,09:00:00,22.4,4.1,7.4,1.5,22.1,12,5.3,1.1,12,5,0.048,0.62,0.09,0.59
2015-04-23T00:00:00,09:27:00,22.7,4,7.4,1.5,20,9 EST,4.7,1.1,11,5,0.051,0.53,0.09,0.49
2015-04-23T00:00:00,09:55:00,23.1,3.6,7.3,1.4,18.4,12,2.7,1,2,4,0.054,0.51,0.08,0.47
2015-04-23T00:00:00,10:32:00,23.1,4.3,7.3,1.4,19.2,9,4.7,1.1,5,4,0.055,0.55,0.09,0.51
2015-04-23T00:00:00,10:55:00,23.2,3.8,7.3,1.4,18.6,22,4,1.1,6,4,0.051,0.58,0.08,0.53
2015-04-23T00:00:00,11:25:00,23,4.4,7.2,1.2,16.6,16,3.3,1.1,11,4,0.048,0.49,0.08,0.43
2015-04-23T00:00:00,11:43:00,23.1,3.6,7.2,1.2,15.8,17,2.7,1.1,10,7,0.044,0.49,0.07,0.43
2015-05-06T00:00:00,07:40:00,21.4,6.3,7,0.65,4.4,220,2.7,1.1,10,6,0.16,0.94,0.22,0.69
2015-05-06T00:00:00,08:15:00,21.4,5.6,7,0.65,3.8,250,3.7,1.1,7,6,0.16,0.96,0.23,0.7
2015-05-06T00:00:00,08:50:00,21.9,5.8,7,0.65,3.1,260,3.7,1.1,<2,6,0.26,1.07,0.33,0.84
2015-05-06T00:00:00,09:20:00,22.3,4.7,7,0.65,3,170,4.3,1.1,7,6,0.24,1.03,0.31,0.81
2015-05-06T00:00:00,09:50:00,22.5,7.7,7,0.65,3.1,150,1.1,1,10,6,0.25,1.05,0.32,0.83
2015-05-06T00:00:00,10:15:00,22.4,5,7,0.65,3.2,170,3.7,1.1,6,6,0.24,1.02,0.3,0.8
2015-05-06T00:00:00,10:40:00,22.8,7.3,6.9,0.6,2.7,150,4.8,1.1,4,6,0.13,0.87,0.19,0.63
2015-05-06T00:00:00,11:10:00,22.8,3.9,6.8,0.6,2.6,170,3.7,1.1,2,5,0.027,0.65,0.06,0.4
2015-06-19T00:00:00,07:45:00,18.8,6.1,7.3,1.35,22.1,39,2,1,20,3,0.03,0.43,0.05,0.38
2015-06-19T00:00:00,08:20:00,18.8,6.2,7.3,1.3,22.7,38,2,1,15,3,0.036,0.46,0.06,0.4
2015-06-19T00:00:00,08:45:00,19.2,4.4,7.3,1.3,20.1,32,1.3,1,2,3,0.041,0.47,0.06,0.4
2015-06-19T00:00:00,09:10:00,19.1,6.4,7.2,1.25,18.1,35,1.3,1,2,4,0.039,0.47,0.06,0.39
2015-06-19T00:00:00,09:35:00,19.6,4.5,7.2,1.3,17.5,19,<1,1,2,4,0.062,0.49,0.09,0.42
2015-08-19T00:00:00,08:40:00,17.6,6.9,7.5,2,25.8,3 EST,1.1,1,2,3,0.035,0.32,0.06,0.29
2015-08-19T00:00:00,09:10:00,17.7,6.1,7.5,2,26,3 EST,1.1,1,3,3,0.037,0.34,0.06,0.31
2015-08-19T00:00:00,09:33:00,18,6.1,7.4,2,24.2,2 EST,2.1,1,2,4,0.036,0.35,0.06,0.31
2015-08-19T00:00:00,09:52:00,18.2,5.6,7.4,1.8,22.9,5 EST,3.2,1.1,15,3,0.036,0.35,0.06,0.32
2015-08-19T00:00:00,10:12:00,18.2,6.2,7.4,1.8,22.9,8 EST,1.1,1,3,4,0.044,0.35,0.06,0.31
2015-08-19T00:00:00,10:26:00,18.4,6,7.3,2,21.5,5 EST,4.3,1.1,3,3,0.042,0.36,0.06,0.32
2015-08-19T00:00:00,10:48:00,18.3,6,7.3,2,20.3,6 EST,1.1,1,2,4,0.028,0.33,0.04,0.29
2015-08-19T00:00:00,11:02:00,18.2,6.1,7.2,2,18.9,14,3.2,1,2,4,0.025,0.34,0.04,0.3
2015-09-24T00:00:00,07:25:00,20.8,8.4,7.7,2.1,26.2,23,2.1,1,2,3,0.029,0.26,0.05,0.26
2015-09-24T00:00:00,07:55:00,20,6.6,7.7,2.1,24.7,18,1.1,1,3,3,0.036,0.3,0.06,0.3
2015-09-24T00:00:00,08:15:00,20.7,8.4,7.6,2.1,22.6,29,1.1,1,5,3,0.062,0.34,0.09,0.34
2015-09-24T00:00:00,08:35:00,21.2,7.7,7.5,2,17.6,14,2.1,1,2,3,0.073,0.33,0.09,0.32
2015-09-24T00:00:00,08:55:00,21.3,6.1,7.5,1.9,22.1,8 EST,3.2,1,3,3,0.042,0.35,0.07,0.35
2015-09-24T00:00:00,09:10:00,21.3,5.6,7.4,2.3,19.5,14,3.2,1.1,17,3,0.033,0.31,0.06,0.31
2015-09-24T00:00:00,09:35:00,21.5,8.2,7.4,3.2,17.9,23,4.3,1.1,6,3,0.025,0.32,0.05,0.31
2015-09-24T00:00:00,10:00:00,21.5,8.6,7.3,2,13.6,26,3.2,1,2,4,0.017,0.33,0.03,0.31
2015-12-17T00:00:00,07:50:00,26.8,7.6,7.5,1.1,27.5,6 EST,2.1,1,8,4,0.082,0.41,0.13,0.41
2015-12-17T00:00:00,08:20:00,27.1,4.5,7.5,1.1,27.5,11,3.2,1,9,4,0.088,0.4,0.13,0.39
2015-12-17T00:00:00,08:40:00,27.2,5.3,7.4,1.2,25,11,4.3,1.1,8,4,0.089,0.42,0.14,0.41
2015-12-17T00:00:00,08:55:00,27.3,7.6,7.4,1.1,21.2,20,5.3,1,6,3,0.092,0.43,0.14,0.41
2015-12-17T00:00:00,09:15:00,27.6,6.3,7.4,1.1,22.7,9 EST,7.5,1.1,9,4,0.085,0.45,0.14,0.43
2015-12-17T00:00:00,09:40:00,27.6,7.4,7.4,1,23.2,11,8.5,1.1,9,4,0.078,0.48,0.14,0.46
2015-12-17T00:00:00,10:00:00,27.6,7.6,7.3,1.1,21.8,14,13,1.2,5,4,0.059,0.42,0.1,0.4
2015-12-17T00:00:00,10:20:00,27.6,7.7,7.3,1.1,19.4,24,5.3,1.1,4,4,0.038,0.4,0.08,0.4
2016-02-25T00:00:00,08:15:00,27.8,5.6,7.7,0.7,27.1,2 EST,11,1.1,5,4,0.058,0.41,0.12,0.41
2016-02-25T00:00:00,08:46:00,28,6.2,7.7,0.7,26.8,2 EST,12,1.1,6,4,0.062,0.39,0.12,0.39
2016-02-25T00:00:00,09:14:00,28.2,6.5,7.7,0.6,24.8,6 EST,13,1.1,8,5,0.08,0.44,0.14,0.44
2016-02-25T00:00:00,09:45:00,28.6,6.2,7.7,0.6,24.2,8 EST,12,1.1,7,4,0.089,0.44,0.16,0.44
2016-02-25T00:00:00,10:05:00,28.8,6.5,7.7,0.7,24,2 EST,16,1.2,8,5,0.11,0.46,0.18,0.46
2016-02-25T00:00:00,10:24:00,28.5,6.3,7.7,0.8,24.6,8 EST,15,1.1,7,5,0.094,0.49,0.17,0.49
2016-02-25T00:00:00,10:43:00,28.7,5.4,7.6,0.8,23.7,14,16,1.2,6,5,0.11,0.47,0.18,0.47
2016-02-25T00:00:00,11:10:00,29,5.3,7.5,0.8,20,15,21,1.2,4,4,0.098,0.48,0.17,0.48
2016-03-23T00:00:00,08:00:00,26.3,4.9,7.7,0.8,28.6,6 EST,4,1.1,13,3,0.059,0.37,0.12,0.37
2016-03-23T00:00:00,08:25:00,26.4,4.9,7.8,0.8,28.9,<1,7.1,1.1,6,3,0.063,0.35,0.13,0.35
2016-03-23T00:00:00,08:50:00,26.6,4.1,7.7,0.85,28.1,4 EST,6.2,1.1,4,3,0.068,0.39,0.13,0.39
2016-03-23T00:00:00,09:15:00,26.9,4.3,7.6,0.9,24.9,5 EST,7.1,1.1,14,3,0.082,0.45,0.16,0.45
2016-03-23T00:00:00,09:40:00,26.9,4.6,7.7,0.9,27.1,3 EST,7.1,1.1,21,4,0.085,0.43,0.15,0.43
2016-03-23T00:00:00,10:00:00,27.1,4.5,7.6,0.9,26.1,2 EST,8.9,1.1,22,3,0.097,0.44,0.17,0.43
2016-03-23T00:00:00,10:25:00,27.6,6.5,7.5,0.85,25.2,2 EST,4.4,1.1,22,3,0.11,0.43,0.18,0.41
2016-03-23T00:00:00,10:45:00,27.7,4.9,7.4,0.95,20.7,25,6.2,1.1,17,4,0.1,0.48,0.17,0.44
2016-04-21T00:00:00,07:25:00,24.6,6.7,7.8,1.5,30.2,5 EST,5.3,1.1,8,3,0.063,0.35,0.11,0.35
2016-04-21T00:00:00,08:00:00,24.8,6.1,7.8,1.5,31.3,9 EST,8,1.1,3,3,0.067,0.34,0.11,0.34
2016-04-21T00:00:00,08:20:00,24.9,7.5,7.8,1.5,30.5,5 EST,12,1.2,12,3,0.071,0.35,0.12,0.35
2016-04-21T00:00:00,08:50:00,24.9,7.6,7.8,1.6,29.3,4 EST,7.1,1.1,7,4,0.087,0.39,0.14,0.39
2016-04-21T00:00:00,09:10:00,25.2,5.7,7.8,1.2,28.2,6 EST,8,1.1,23,4,0.11,0.42,0.17,0.42
2016-04-21T00:00:00,09:30:00,25.3,5.5,7.8,1,28.3,5 EST,8,1.1,21,4,0.1,0.4,0.16,0.4
2016-04-21T00:00:00,09:50:00,25.6,5.2,7.6,1.2,24.3,14,6.2,1.1,6,4,0.11,0.42,0.15,0.38
2016-04-21T00:00:00,10:10:00,25.6,5.1,7.5,1.2,24.1,24,3.6,1,7,3,0.1,0.43,0.14,0.38
2016-06-01T00:00:00,08:00:00,19.1,10.1,7.7,1.4,31.4,3 EST,5.3,1.1,19,3,0.064,0.34,0.1,0.34
2016-06-01T00:00:00,08:40:00,19.3,8.8,7.7,1.3,30.4,5 EST,7.3,1.2,3,4,0.11,0.4,0.15,0.4
2016-06-01T00:00:00,09:08:00,19.6,6.7,7.7,1.3,29.9,3 EST,8.7,1.2,11,4,0.11,0.43,0.15,0.43
2016-06-01T00:00:00,09:30:00,20,5.9,7.6,1.3,28.9,4 EST,8,1.2,5,4,0.19,0.46,0.23,0.44
2016-06-01T00:00:00,09:54:00,19.7,8.6,7.6,1.3,29.5,5 EST,8,1.2,<2,4,0.11,0.43,0.15,0.41
2016-06-01T00:00:00,10:08:00,19.6,5.8,7.5,1.3,28.1,7 EST,3.3,1.1,13,4,0.11,0.41,0.14,0.37
2016-06-01T00:00:00,10:34:00,19.3,8.7,7.4,1.3,26.9,12 EST,2.7,1,21,3,0.098,0.41,0.13,0.36
2016-06-01T00:00:00,10:56:00,19.2,6.1,7.3,1.3,26,40,2,1,13,4,0.075,0.41,0.11,0.35
2016-06-29T00:00:00,07:30:00,14.6,11,7.5,1,15.9,50,3.6,1,3,5,0.06,0.63,0.08,0.47
2016-06-29T00:00:00,08:05:00,15.2,7.5,7.5,1,12.9,68,8.9,1.1,3,5,0.072,0.69,0.1,0.54
2016-06-29T00:00:00,08:30:00,15.9,7.1,7.4,0.85,11.3,59,3.6,1,8,6,0.073,0.71,0.1,0.56
2016-06-29T00:00:00,08:55:00,16.2,9.8,7.3,0.85,8.7,65,1.8,1,<2,6,0.053,0.65,0.07,0.52
2016-06-29T00:00:00,09:25:00,16.1,9.8,7.3,1,8.2,140,1.8,1,5,6,0.052,0.64,0.07,0.51
2016-06-29T00:00:00,09:40:00,16.1,7,7.2,0.8,5.8,91 EST,1.8,1,4,6,0.038,0.59,0.06,0.47
2016-06-29T00:00:00,10:00:00,16.1,9.7,7.3,0.85,2.3,76,1.8,1,<2,7,0.025,0.58,0.05,0.47
2016-06-29T00:00:00,10:20:00,16,8.6,7.3,0.85,1,68,<1,1,<2,7,0.015,0.55,0.04,0.44
2016-07-21T00:00:00,07:55:00,18.8,8.4,7.7,1.7,26,28,3.2,1,7,3,0.077,0.34,0.11,0.31
2016-07-21T00:00:00,08:35:00,18.9,7.2,7.7,1.6,27,23,12,1.2,15,4,0.083,0.38,0.11,0.36
2016-07-21T00:00:00,09:05:00,18.8,7,7.7,1.6,24.1,15,16,1.2,5,4,0.11,0.42,0.14,0.38
2016-07-21T00:00:00,09:40:00,19.1,6.6,7.6,1.6,22.4,12,20,1.2,4,4,0.14,0.5,0.18,0.45
2016-07-21T00:00:00,10:00:00,19.1,7.2,7.6,1.6,23.3,8 EST,15,1.2,3,4,0.14,0.48,0.18,0.43
2016-07-21T00:00:00,10:21:00,19.4,6.6,7.6,1.6,22.2,9 EST,11,1.1,2,4,0.18,0.51,0.21,0.44
2016-07-21T00:00:00,11:00:00,19.5,7.3,7.4,2,19.4,9 EST,9.6,1.1,3,4,0.13,0.46,0.16,0.4
2016-07-21T00:00:00,11:28:00,19.4,5.9,7.3,2,17.1,22,5.3,1.1,3,4,0.085,0.45,0.1,0.37
2016-09-01T00:00:00,07:35:00,19.6,7.2,7.6,1.35,29.6,3 EST,3.2,1.1,25,3,0.067,0.47,0.09,0.4
2016-09-01T00:00:00,08:10:00,19.8,6.3,7.6,1.3,30,2 EST,3.7,1.1,24,3,0.07,0.46,0.1,0.39
2016-09-01T00:00:00,08:35:00,19.9,5.8,7.6,1.15,29,3 EST,4.8,1.1,12,3,0.074,0.5,0.1,0.43
2016-09-01T00:00:00,09:05:00,20,7.4,7.7,0.95,28,4 EST,4.8,1.1,16,3,0.083,0.5,0.11,0.43
2016-09-01T00:00:00,09:25:00,20.3,5.8,7.5,0.8,26.8,5 EST,4.8,1.1,12,3,0.097,0.5,0.13,0.42
2016-09-01T00:00:00,09:45:00,20.3,5,7.5,0.95,27.6,2 EST,5.3,1.1,13,3,0.094,0.56,0.13,0.48
2016-09-01T00:00:00,10:10:00,20.4,4.7,7.4,1,25.7,9 EST,1.1,1.1,17,3,0.1,0.56,0.13,0.48
2016-09-01T00:00:00,10:35:00,20.3,7.8,7.2,1.35,23,25,1.6,1.1,12,3,0.072,0.48,0.09,0.4
2016-10-06T00:00:00,07:30:00,20.7,6.5,7.5,1.5,28.4,4 EST,8,1.2,42,3,0.061,0.41,0.09,0.37
2016-10-06T00:00:00,08:05:00,21.5,5.3,7.6,1.5,27.8,9 EST,5.3,1.1,44,3,0.078,0.44,0.1,0.38
2016-10-06T00:00:00,08:30:00,21.8,5.2,7.5,1.5,26,7 EST,6.4,1.1,37,3,0.083,0.48,0.11,0.41
2016-10-06T00:00:00,09:00:00,22.3,7.3,7.3,1.5,21.5,4 EST,6.4,1.1,28,3,0.083,0.47,0.11,0.4
2016-10-06T00:00:00,09:30:00,22.8,5.8,7.4,1.5,22.5,10 EST,4.3,1.1,14,3,0.094,0.47,0.12,0.39
2016-10-06T00:00:00,09:45:00,22.5,5.2,7.4,1.5,25.5,10,8,1.2,40,3,0.084,0.46,0.12,0.39
2016-10-06T00:00:00,10:05:00,22.5,7.8,7.4,1.4,24.3,9,3.2,1.1,25,3,0.071,0.41,0.1,0.36
2016-10-06T00:00:00,10:30:00,22.7,6,7.3,1.4,22.5,20,3.7,1.1,24,3,0.062,0.38,0.09,0.34
2016-10-27T00:00:00,07:45:00,23.9,8.7,7.8,0.9,31.6,3 EST,8,1.2,42,3,0.036,0.36,0.07,0.36
2016-10-27T00:00:00,08:30:00,24.4,7.7,7.8,0.9,30.4,3 EST,8.5,1.2,27,3,0.041,0.39,0.08,0.39
2016-10-27T00:00:00,08:55:00,24.4,7.7,7.7,0.9,29.3,3 EST,9.1,1.2,46,4,0.045,0.42,0.09,0.42
2016-10-27T00:00:00,09:25:00,24.7,7.7,7.7,0.9,28.1,1 EST,13,1.2,30,3,0.047,0.45,0.1,0.45
2016-10-27T00:00:00,09:55:00,24.7,7,7.6,0.9,28.5,<1,14,1.2,28,3,0.05,0.47,0.1,0.47
2016-10-27T00:00:00,10:15:00,24.9,5.4,7.6,0.9,27.7,4 EST,11,1.2,36,3,0.056,0.45,0.1,0.44
2016-10-27T00:00:00,10:40:00,25.2,5.7,7.4,1,25.5,9 EST,10,1.2,19,3,0.057,0.42,0.09,0.41
2016-10-27T00:00:00,11:05:00,25.3,5.9,7.4,1,23.7,14,8,1.2,33,3,0.049,0.39,0.08,0.38
2016-11-17T00:00:00,07:40:00,25.3,6.4,7.5,1,27.2,18,4.8,1.1,11,6.5,0.046,0.55,0.1,0.53
2016-11-17T00:00:00,08:15:00,25.6,5.7,7.6,0.97,27.4,17,5.9,1.1,5,6.5,0.046,0.53,0.09,0.5
2016-11-17T00:00:00,08:33:00,25.9,7.6,7.4,0.97,25.2,12,5.9,1.1,6,6.9,0.055,0.59,0.1,0.52
2016-11-17T00:00:00,08:55:00,26.1,5.2,7.4,0.98,25,23,5.9,1.1,11,6.8,0.057,0.59,0.11,0.52
2016-11-17T00:00:00,09:20:00,26.2,5.1,7.4,0.72,24.9,8 EST,5.9,1.1,19,8.3,0.059,0.61,0.12,0.54
2016-11-17T00:00:00,09:38:00,26.2,6.1,7.4,0.74,25.1,10,4.8,1.1,12,8.6,0.063,0.61,0.12,0.54
2016-11-17T00:00:00,10:03:00,26.3,4.4,7.4,0.8,24.3,23,5.9,1.1,21,8.1,0.068,0.61,0.13,0.53
2016-11-17T00:00:00,10:30:00,26.4,7.4,7.3,0.7,22.6,18,8,1.1,18,7.5,0.065,0.56,0.13,0.5
2016-12-15T00:00:00,07:40:00,26.4,6.8,7.7,0.8,29.6,11,6.9,1.1,19,13.3,0.048,0.41,0.1,0.41
2016-12-15T00:00:00,08:20:00,26.6,6.2,7.7,0.75,30.3,6 EST,10,1.2,15,19.8,0.048,0.41,0.1,0.41
2016-12-15T00:00:00,08:45:00,26.8,7.2,7.7,0.75,29.4,10,12,1.2,20,11.4,0.05,0.42,0.1,0.42
2016-12-15T00:00:00,09:20:00,26.8,6,7.6,0.85,29.4,5 EST,9.1,1.2,12,12.5,0.053,0.47,0.12,0.47
2016-12-15T00:00:00,10:05:00,27.1,7.2,7.6,0.9,28.6,7 EST,13,1.2,26,13.8,0.052,0.47,0.11,0.47
2016-12-15T00:00:00,10:30:00,27.2,5.7,7.6,0.9,29.2,12,13,1.2,16,11.5,0.055,0.41,0.1,0.41
2016-12-15T00:00:00,10:55:00,27.6,5.6,7.6,0.75,27.4,12,17,1.2,15,11.1,0.061,0.45,0.11,0.45
2016-12-15T00:00:00,11:20:00,28,5.8,7.5,0.85,26.2,5 EST,18,1.3,10,11.5,0.065,0.48,0.12,0.48
2017-01-11T00:00:00,07:20:00,28.4,6.6,7.9,0.5,27.9,5 EST,8.5,1.2,16,85.3,0.037,0.4,0.09,0.4
2017-01-11T00:00:00,08:00:00,28.6,5.3,7.9,0.5,26.2,11,11,1.2,11,9.4,0.039,0.4,0.09,0.4
2017-01-11T00:00:00,08:20:00,28.7,6.4,7.9,0.5,25.5,8 EST,13,1.2,17,10.2,0.043,0.45,0.1,0.45
2017-01-11T00:00:00,08:50:00,29,5.9,7.8,0.5,24.7,12,15,1.2,14,10.5,0.047,0.45,0.11,0.45
2017-01-11T00:00:00,09:15:00,29.1,7.1,7.8,0.55,24,42,16,1.2,7,9.4,0.047,0.45,0.1,0.45
2017-01-11T00:00:00,09:35:00,29,5.6,7.8,0.55,23.9,14,17,1.3,14,11.5,0.052,0.48,0.12,0.48
2017-01-11T00:00:00,09:55:00,30,6.9,7.7,0.5,21,21,18,1.3,21,11.2,0.057,0.5,0.12,0.5
2017-01-11T00:00:00,10:20:00,29.5,5.2,7.5,0.5,19.3,39,23,1.3,14,11.3,0.059,0.55,0.13,0.55
2017-02-22T00:00:00,07:35:00,28.5,8.1,7.8,1,32.8,2 EST,12,1.2,15,9.7,0.058,0.46,0.11,0.46
2017-02-22T00:00:00,08:10:00,28.7,5.7,7.8,0.95,30.9,2 EST,14,1.2,12,11,0.064,0.52,0.13,0.52
2017-02-22T00:00:00,08:35:00,29,5.7,7.9,1,30.4,5 EST,18,1.2,18,8.3,0.065,0.56,0.13,0.56
2017-02-22T00:00:00,09:00:00,29.3,5.9,7.7,0.9,18.3,26,20,1.3,21,9.2,0.065,0.68,0.14,0.68
2017-02-22T00:00:00,09:20:00,29.2,6,7.8,0.9,29.1,5 EST,25,1.3,30,12,0.07,0.65,0.15,0.65
2017-02-22T00:00:00,09:30:00,29.5,6.9,7.8,1.1,29.2,7 EST,28,1.3,12,8.8,0.076,0.63,0.16,0.63
2017-02-22T00:00:00,10:00:00,29.6,4.8,7.6,1.1,28,23,26,1.3,12,6.7,0.08,0.58,0.16,0.58
2017-02-22T00:00:00,10:20:00,29.4,5.9,7.6,0.9,25.2,34,22,1.3,14,17,0.075,0.52,0.14,0.52
2017-03-09T00:00:00,07:35:00,26.1,8.2,7.8,1.2,34,4 EST,6.9,1.1,16,8,0.056,0.42,0.09,0.42
2017-03-09T00:00:00,08:15:00,26.9,5.8,7.8,1,31.8,7 EST,11,1.2,18,6,0.055,0.42,0.09,0.42
2017-03-09T00:00:00,08:45:00,27.3,5.9,7.7,1,30.6,2 EST,14,1.2,8,6,0.056,0.46,0.1,0.46
2017-03-09T00:00:00,09:10:00,27.7,6,7.6,1,29,74,19,1.3,10,6,0.054,0.52,0.11,0.52
2017-03-09T00:00:00,09:50:00,27.8,5.5,7.6,0.9,29.4,50,12,1.2,11,6,0.061,0.5,0.12,0.5
2017-03-09T00:00:00,10:10:00,28,5.5,7.6,0.9,28.3,32,18,1.2,11,6,0.067,0.52,0.13,0.52
2017-03-09T00:00:00,10:35:00,28.1,5.6,7.5,0.9,26.5,45,18,1.3,19,6,0.076,0.51,0.13,0.51
2017-03-09T00:00:00,11:00:00,28,5.8,7.4,0.8,23.6,71,19,1.3,<2,6,0.08,0.46,0.13,0.46
2017-04-05T00:00:00,07:40:00,22.5,6.8,7.2,0.85,8.8,84,6.7,1.1,6,11,0.064,1.05,0.12,0.74
2017-04-05T00:00:00,08:20:00,23.2,5.3,7.2,0.75,5.2,130,6.7,1.1,15,11,0.082,1.04,0.14,0.75
2017-04-05T00:00:00,08:40:00,23.4,5,7.2,0.85,4.9,140,7.3,1.1,10,11,0.084,1.03,0.14,0.74
2017-04-05T00:00:00,09:05:00,23.9,4.7,7.1,0.7,3.4,190,6,1.1,5,11,0.071,0.93,0.13,0.74
2017-04-05T00:00:00,09:30:00,23.9,8.4,7.1,0.75,2.9,350,5.3,1.1,6,11,0.068,0.9,0.12,0.74
2017-04-05T00:00:00,09:50:00,23.9,4.7,7,0.6,2,260,6,1.1,10,12,0.061,0.85,0.11,0.72
2017-04-05T00:00:00,10:05:00,23.7,4.7,7,0.65,0.9,390,4,1.1,4,11,0.041,0.79,0.09,0.68
2017-04-05T00:00:00,10:30:00,23.6,5.6,7,0.55,0.5,140,3.3,1.1,<2,13,0.03,0.78,0.08,0.67
2017-06-07T00:00:00,07:40:00,18.3,8,7.8,[NT],28.3,4 EST,2.1,1.1,15,<5,0.02,0.37,0.04,0.37
2017-06-07T00:00:00,08:25:00,18.6,8.6,7.7,[NT],29.2,4 EST,3.2,1.1,14,<5,0.02,0.39,0.04,0.39
2017-06-07T00:00:00,08:45:00,18.4,6.6,7.7,[NT],26.9,6 EST,2.7,1.1,14,5.1,0.022,0.42,0.05,0.42
2017-06-07T00:00:00,09:14:00,19.1,5.8,7.5,[NT],25.1,4 EST,5.3,1.1,12,6,0.029,0.51,0.07,0.49
2017-06-07T00:00:00,09:45:00,19.1,5.7,7.5,[NT],25.6,2 EST,4,1.1,11,5.7,0.032,0.48,0.06,0.45
2017-06-07T00:00:00,10:00:00,19.4,7.9,7.5,[NT],25.8,2 EST,2.7,1,18,5.6,0.035,0.5,0.07,0.47
2017-06-07T00:00:00,10:20:00,19.1,4.4,7.3,[NT],23,21,2,1,15,<5,0.043,0.51,0.07,0.46
2017-06-07T00:00:00,10:45:00,18.8,8.6,7.3,[NT],21.8,51,1.3,1,17,5.6,0.043,0.49,0.07,0.44
2017-06-28T00:00:00,07:50:00,18.1,8.3,7.6,1.2,24,17,6,1.1,16,5.1,0.018,0.38,0.05,0.33
2017-06-28T00:00:00,08:20:00,18.6,9.5,7.5,1.2,22.9,19,4.7,1.1,16,<5,0.03,0.47,0.07,0.39
2017-06-28T00:00:00,08:40:00,18.8,5.1,7.4,1.2,22.2,18,4.7,1.1,14,<5,0.034,0.48,0.07,0.39
2017-06-28T00:00:00,09:10:00,19,9.3,7.3,1.2,20.1,25,3.3,1.1,13,<5,0.038,0.52,0.07,0.42
2017-06-28T00:00:00,09:25:00,18.9,9.3,7.3,1.2,20.6,33,4.7,1.1,12,<5,0.037,0.52,0.07,0.42
2017-06-28T00:00:00,09:40:00,18.9,4.7,7.2,1.2,19.3,39,4,1.1,8,<5,0.032,0.53,0.07,0.42
2017-06-28T00:00:00,10:00:00,18.9,4.7,7.2,1.2,18.2,46,2.7,1,12,<5,0.038,0.5,0.07,0.39
2017-06-28T00:00:00,10:20:00,19,9.2,7.2,1,16.9,58,2.7,1,11,<5,0.036,0.46,0.07,0.34
2017-07-20T00:00:00,07:40:00,17.6,8.8,7.8,1.2,27.1,2 EST,2.7,1.1,22,6.3,0.025,0.36,0.06,0.31
2017-07-20T00:00:00,08:20:00,18,8.9,7.7,1.2,27.5,9,2.1,1.1,22,6.2,0.029,0.41,0.06,0.36
2017-07-20T00:00:00,08:40:00,18,8.9,7.6,1.2,25.3,14,3.7,1.1,18,6.7,0.036,0.47,0.07,0.39
2017-07-20T00:00:00,09:00:00,18.7,8.8,7.6,1.1,23.7,10,3.2,1.1,21,7.4,0.04,0.51,0.08,0.42
2017-07-20T00:00:00,09:20:00,18.6,8.8,7.5,1.2,24.5,13,3.2,1.1,14,6.6,0.038,0.44,0.07,0.37
2017-07-20T00:00:00,09:40:00,18.5,6.4,7.4,1.4,24.1,23,1.1,1,14,6.4,0.04,0.46,0.07,0.38
2017-07-20T00:00:00,09:55:00,18.4,8.3,7.4,1.2,22.5,28,1.1,1,21,6.1,0.04,0.47,0.07,0.39
2017-07-20T00:00:00,10:15:00,17.8,5.8,7.4,1.1,20.4,42,1.6,1,13,5.8,0.036,0.42,0.06,0.33
2017-08-30T00:00:00,07:40:00,17.8,10.2,7.6,2,25.9,4 EST,1.6,1.1,3,8.5,0.036,0.43,0.06,0.39
2017-08-30T00:00:00,08:25:00,18.2,6.6,7.5,1.9,22.6,6 EST,2.1,1,2,6.8,0.059,0.53,0.09,0.46
2017-08-30T00:00:00,08:50:00,18.2,5.3,7.4,1.9,22.5,16,1.6,1,3,8,0.067,0.58,0.1,0.49
2017-08-30T00:00:00,09:10:00,20.4,6.5,7.3,1.9,17.9,13,1.6,1,34,6.8,0.054,0.53,0.08,0.46
2017-08-30T00:00:00,09:25:00,19,5.9,7.4,1.5,24.5,8 EST,1.6,1,16,6.5,0.049,0.48,0.07,0.41
2017-08-30T00:00:00,09:40:00,19.3,6.6,7.4,1.5,24.1,18,<1,1,10,6.6,0.048,0.46,0.07,0.4
2017-08-30T00:00:00,09:55:00,19.2,6.7,7.3,1.5,23.1,38,1.1,1,2,6.9,0.044,0.45,0.07,0.39
2017-08-30T00:00:00,10:10:00,19.1,5.1,7.3,1,21.8,32,2.1,1,2,6.1,0.038,0.46,0.07,0.4
2017-09-27T00:00:00,07:30:00,23.9,5,7.6,1.3,27.9,3 EST,3.7,1.1,22,6.3,0.039,0.49,0.07,0.42
2017-09-27T00:00:00,08:05:00,23.8,5.2,7.5,1.3,26,2 EST,3.2,1.1,23,6.9,0.061,0.65,0.1,0.53
2017-09-27T00:00:00,08:30:00,24,4,7.5,1.3,24.9,4 EST,3.2,1.1,19,6.6,0.066,0.64,0.1,0.52
2017-09-27T00:00:00,08:55:00,24.4,3.8,7.5,1.5,25.7,5 EST,2.7,1.1,22,6.1,0.068,0.63,0.1,0.51
2017-09-27T00:00:00,09:25:00,24.1,5.9,7.5,1.5,22.2,4 EST,2.7,1.1,19,8.2,0.07,0.72,0.11,0.58
2017-09-27T00:00:00,09:40:00,24.3,4.2,7.5,1.3,21.8,7 EST,2.1,1,12,6.9,0.071,0.71,0.11,0.56
2017-09-27T00:00:00,10:05:00,24.5,7.6,7.4,1.3,24.7,15,2.1,1,13,6.2,0.067,0.59,0.1,0.48
2017-09-27T00:00:00,10:30:00,24.4,3.8,7.5,1,23.7,16,2.1,1.1,18,7.4,0.058,0.54,0.09,0.45
2017-11-30T00:00:00,08:20:00,25.6,6,7.4,0.9,15.7,510,3.7,1.1,2,5.3,0.042,0.45,0.08,0.42
2017-11-30T00:00:00,08:45:00,26.4,5,7.5,0.9,21.8,280,2.1,1.1,3,5.2,0.05,0.46,0.09,0.44
2017-11-30T00:00:00,09:10:00,26.6,4.9,7.4,1.1,20.1,190,6.9,1.1,2,5.5,0.054,0.53,0.1,0.48
2017-11-30T00:00:00,09:40:00,26.6,7.5,7.4,1,18.1,340,6.4,1.1,3,6,0.056,0.57,0.1,0.5
2017-11-30T00:00:00,10:05:00,26.7,4.3,7.3,0.8,19.4,380,4.8,1.1,2,5.3,0.062,0.5,0.1,0.45
2017-11-30T00:00:00,10:20:00,27.1,3.4,7.3,0.9,20.5,91,3.2,1.1,21,4.9,0.067,0.49,0.1,0.46
2017-11-30T00:00:00,10:45:00,26.6,4,7.2,0.9,14.4,350,3.2,1.1,2,4.9,0.052,0.43,0.09,0.4
2017-11-30T00:00:00,11:15:00,26.2,5.4,7.1,0.9,11.5,860,2.1,1.1,5,4.7,0.047,0.45,0.09,0.4
2017-12-14T00:00:00,07:40:00,26.9,6.1,7.7,0.8,23,8 EST,6.9,1.1,14,6,0.031,0.43,0.08,0.43
2017-12-14T00:00:00,08:25:00,27.1,5.8,7.5,0.8,20,3 EST,8.5,1.2,19,6.7,0.037,0.51,0.09,0.51
2017-12-14T00:00:00,08:50:00,27.8,5.9,7.5,0.85,19,3 EST,14,1.2,16,6.7,0.045,0.56,0.11,0.56
2017-12-14T00:00:00,09:20:00,27.8,7.4,7.5,0.9,19,6 EST,11,1.2,14,6.9,0.065,0.58,0.13,0.58
2017-12-14T00:00:00,09:50:00,27.9,5.8,7.5,0.9,19,8 EST,14,1.2,15,6.8,0.046,0.52,0.1,0.52
2017-12-14T00:00:00,10:05:00,28,7.3,7.4,0.95,18,7 EST,17,1.3,16,5.9,0.049,0.56,0.12,0.56
2017-12-14T00:00:00,10:30:00,28,5.1,7.2,0.9,16,16,11,1.2,10,5.7,0.052,0.46,0.11,0.46
2017-12-14T00:00:00,10:50:00,28,5.5,7.2,0.9,14,1 EST,9.1,1.2,12,5.7,0.048,0.43,0.1,0.43
2018-01-11T00:00:00,07:15:00,29.6,8.5,7.7,0.7,23.1,4 EST,5.9,1.1,9,7,0.055,0.44,0.1,0.44
2018-01-11T00:00:00,07:40:00,29.7,6.7,7.6,0.7,22.4,2 EST,8.5,1.2,4,7,0.068,0.49,0.13,0.49
2018-01-11T00:00:00,08:15:00,29.9,7,7.6,0.8,20.3,7 EST,6.4,1.1,7,7,0.11,0.53,0.16,0.53
2018-01-11T00:00:00,08:50:00,30,5.9,7.5,0.9,19.7,4 EST,11,1.2,9,7,0.13,0.55,0.18,0.55
2018-01-11T00:00:00,09:20:00,30.1,5.8,7.5,0.95,20.8,4 EST,13,1.2,2,7,0.087,0.5,0.14,0.5
2018-01-11T00:00:00,09:45:00,30.5,6.5,7.4,0.9,19.6,8 EST,14,1.2,11,6,0.083,0.51,0.14,0.51
2018-01-11T00:00:00,10:05:00,30.8,6.4,7.4,0.9,17.6,23,14,1.2,7,6,0.08,0.48,0.14,0.48
2018-01-11T00:00:00,10:35:00,30.7,6.1,7.4,0.95,15.5,27,12,1.2,7,6,0.074,0.47,0.14,0.47
2018-02-08T00:00:00,07:20:00,25.2,6.2,7.8,1.2,28.6,1 EST,3.7,1.1,18,6,0.059,0.38,0.09,0.38
2018-02-08T00:00:00,07:55:00,25.6,6.9,7.8,1.2,27.9,5 EST,6.9,1.1,12,6,0.084,0.43,0.12,0.43
2018-02-08T00:00:00,08:25:00,26.1,6.4,7.7,1.1,26.1,3 EST,9.6,1.2,15,7,0.087,0.44,0.13,0.44
2018-02-08T00:00:00,08:48:00,26.4,6.2,7.7,1,24.6,8 EST,8.7,1.1,19,6,0.088,0.42,0.13,0.42
2018-02-08T00:00:00,09:10:00,26.5,5.9,7.7,1,25.5,2 EST,13,1.2,14,7,0.089,0.43,0.14,0.43
2018-02-08T00:00:00,09:35:00,26.7,6.2,7.7,0.9,24.6,5 EST,11,1.2,15,6,0.089,0.42,0.14,0.42
2018-02-08T00:00:00,09:58:00,26.6,6.3,7.7,0.9,22.4,4 EST,11,1.2,10,6,0.082,0.4,0.13,0.4
2018-02-08T00:00:00,10:30:00,26.5,6,7.6,0.9,20.9,41,13,1.2,18,6,0.075,0.4,0.13,0.4
2018-03-15T00:00:00,09:10:00,24.9,7.2,7.6,1.2,14.4,34,6.4,1.1,5,9,0.055,0.75,0.09,0.65
2018-03-15T00:00:00,09:50:00,25,5.9,7.4,1.1,10.9,100,2.7,1.1,<2,10,0.065,0.75,0.1,0.63
2018-03-15T00:00:00,10:20:00,25.5,5.7,7.3,1.1,7.9,75,4.8,1.1,<2,10,0.064,0.81,0.1,0.65
2018-03-15T00:00:00,10:50:00,25.5,5.4,7.3,1,8.2,55,4.8,1.1,3,10,0.064,0.85,0.1,0.67
2018-03-15T00:00:00,11:25:00,25.6,5.2,7.2,0.8,6.3,120,3.7,1.1,3,11,0.068,0.79,0.11,0.67
2018-03-15T00:00:00,11:50:00,25.5,5.1,7.1,0.9,4.4,190,3.7,1.1,<2,12,0.067,0.76,0.11,0.65
2018-03-15T00:00:00,12:05:00,25.3,5.5,7.1,0.8,1.7,470,2.7,1.1,<2,12,0.057,0.71,0.1,0.61
2018-03-15T00:00:00,12:35:00,25,6.1,7.1,0.8,0.6,350,2.7,1.1,2,13,0.037,0.67,0.08,0.59
2018-04-11T00:00:00,07:30:00,24.7,6.9,7.7,1.3,16.3,27,6.7,1.1,23,11,0.032,0.45,0.06,0.45
2018-04-11T00:00:00,08:05:00,25.4,6.7,7.7,1.3,15.5,14,7.3,1.1,13,11,0.081,0.53,0.13,0.53
2018-04-11T00:00:00,08:38:00,25.8,6.5,7.7,1.4,13.6,13,9.3,1.1,15,11,0.081,0.61,0.13,0.6
2018-04-11T00:00:00,09:10:00,25.9,6.1,7.8,1.4,13.1,45,11,1.2,23,10,0.093,0.68,0.15,0.65
2018-04-11T00:00:00,09:40:00,25.9,5.6,7.5,1.1,13.2,24,15,1.2,40,11,0.085,0.61,0.14,0.59
2018-04-11T00:00:00,10:05:00,26.1,5.2,7.4,1.2,11.9,42,12,1.2,17,10,0.061,0.58,0.12,0.57
2018-04-11T00:00:00,10:30:00,26.1,5.1,7.4,1.1,8.8,190,13,1.2,13,11,0.039,0.55,0.09,0.55
2018-04-11T00:00:00,10:48:00,26,5.4,7.3,0.9,4.9,230,9.3,1.1,9,11,0.028,0.59,0.15,0.58
2018-05-03T00:00:00,07:35:00,21.6,6.3,7.5,1.5,26,3 EST,10,1.2,20,9,0.024,0.37,0.06,0.37
2018-05-03T00:00:00,08:10:00,21.9,6.2,7.6,1.5,26.7,7 EST,13,1.2,20,8,0.028,0.41,0.07,0.41
2018-05-03T00:00:00,08:30:00,22.2,6.1,7.5,1.5,24,9 EST,11,1.2,21,8,0.027,0.4,0.07,0.4
2018-05-03T00:00:00,08:52:00,22.2,5.7,7.5,1.5,22.8,7 EST,11,1.2,14,9,0.027,0.41,0.07,0.39
2018-05-03T00:00:00,09:15:00,22.7,6,7.5,1.5,21.1,18,11,1.2,15,9,0.029,0.45,0.07,0.43
2018-05-03T00:00:00,09:30:00,22.3,5.1,7.4,1.6,21.5,14,11,1.2,19,9,0.024,0.43,0.07,0.41
2018-05-03T00:00:00,09:54:00,22.4,5.4,7.4,1.6,20.2,22,9.1,1.2,33,8,0.025,0.4,0.07,0.39
2018-05-03T00:00:00,10:25:00,22.4,5.3,7.3,1.4,19.1,38,11,1.2,16,8,0.025,0.38,0.07,0.37
2018-07-05T00:00:00,08:15:00,18.7,6.2,7.5,1.4,27,<1,2,1.1,23,5,0.048,0.47,0.08,0.42
2018-07-05T00:00:00,08:50:00,19.1,5.6,7.5,1.4,27.8,6 EST,2,1,12,<0.5,0.055,0.48,0.08,0.43
2018-07-05T00:00:00,09:15:00,19.2,5,7.4,1.5,26,5 EST,1.3,1,9,<0.5,0.054,0.48,0.08,0.42
2018-07-05T00:00:00,09:40:00,19.3,4.2,7.4,1.4,25,8 EST,1.3,1,59,<0.5,0.049,0.5,0.07,0.42
2018-07-05T00:00:00,10:10:00,19.3,4.7,7.3,1.4,25.6,11,<1,1,10,<0.5,0.047,0.48,0.07,0.41
2018-07-05T00:00:00,10:25:00,19.4,4.4,7.3,1.5,24.8,23,1.3,1,36,<0.5,0.039,0.48,0.06,0.41
2018-07-05T00:00:00,10:50:00,19.5,5.6,7.3,1.3,23.4,27,2.7,1.1,19,<0.5,0.036,0.46,0.06,0.38
2018-07-05T00:00:00,11:15:00,19.6,4.7,7.3,1.1,22.1,51,2.7,1.1,37,<0.5,0.03,0.41,0.05,0.34
2018-08-02T00:00:00,08:10:00,17.5,6.1,7.5,1.5,28.6,1 EST,8,1.2,4,<5.0,0.053,0.42,0.08,0.38
2018-08-02T00:00:00,08:50:00,18.1,5.8,7.5,1.5,28.9,4 EST,2,1.1,9,<5.0,0.06,0.46,0.09,0.41
2018-08-02T00:00:00,09:20:00,17.1,5.8,7.5,1.7,24.6,4 EST,1.3,1,8,<5.0,0.077,0.46,0.1,0.4
2018-08-02T00:00:00,09:45:00,18.4,5.1,7.5,1.6,26.6,5 EST,2,1,12,<5.0,0.055,0.42,0.08,0.37
2018-08-02T00:00:00,10:05:00,18.5,5.5,7.5,1.7,26.5,9,2.7,1.1,10,<5.0,0.086,0.47,0.12,0.41
2018-08-02T00:00:00,10:25:00,18.6,5.1,7.4,1.7,25.9,2 EST,2,1,6,<5.0,0.046,0.42,0.07,0.37
2018-08-02T00:00:00,10:45:00,18.2,6.6,7.4,1.6,24.6,7 EST,2,1,13,8,0.037,0.4,0.06,0.36
2018-08-02T00:00:00,11:10:00,18.3,5.3,7.4,1.6,22.2,14,1.3,1,4,6,0.03,0.39,0.05,0.34
2018-09-06T00:00:00,08:20:00,18.9,7.5,7.6,1.5,30.9,3 EST,2.1,1,22,<5.0,0.039,0.44,0.06,0.38
2018-09-06T00:00:00,08:55:00,19.4,6.4,7.6,1.4,29.6,6 EST,3.2,1.1,17,<5.0,<0.005,0.45,0.07,0.39
2018-09-06T00:00:00,09:20:00,19.9,6.8,7.5,1.5,27,4 EST,3.7,1.1,26,<5.0,0.08,0.67,0.11,0.52
2018-09-06T00:00:00,09:50:00,20.2,5.1,7.5,1.5,26.4,4 EST,1.1,1,18,<5.0,0.1,0.84,0.13,0.59
2018-09-06T00:00:00,10:20:00,20,8,7.5,1.5,27.2,6 EST,1.6,1,21,<5.0,0.051,0.46,0.07,0.39
2018-09-06T00:00:00,10:40:00,19.9,4.9,7.4,1.5,26.1,9 EST,2.7,1.1,14,<5.0,0.044,0.43,0.07,0.37
2018-09-06T00:00:00,11:05:00,19.7,5,7.4,1.5,24.6,27,3.7,1.1,16,<5.0,0.034,0.43,0.06,0.39
2018-09-06T00:00:00,11:30:00,20.1,5.3,7.3,1.4,22.2,37,1.6,1,21,<5.0,0.026,0.38,0.05,0.34
2018-10-25T00:00:00,07:50:00,24.8,6.4,7.6,0.8,16.2,55,14,1.2,11,23,0.021,0.61,0.07,0.54
2018-10-25T00:00:00,08:35:00,24.9,5.3,7.6,1,15.4,55,14,1.2,7,13,0.021,0.66,0.07,0.57
2018-10-25T00:00:00,09:10:00,25.2,5.6,7.5,1,13.6,61,11,1.2,16,10,0.023,0.68,0.08,0.57
2018-10-25T00:00:00,09:40:00,25.5,5.2,7.4,1,11.6,85,12,1.2,12,10,0.035,0.7,0.08,0.55
2018-10-25T00:00:00,10:15:00,25.3,5.1,7.4,1.1,12,140,11,1.2,11,9,0.044,0.71,0.09,0.55
2018-10-25T00:00:00,10:40:00,25.6,5.3,7.5,1,12.2,77,9.5,1.2,9,9,0.039,0.71,0.08,0.56
2018-10-25T00:00:00,11:15:00,25.5,4.8,7.3,1,9.4,200,6.5,1.1,2,8,0.059,0.73,0.1,0.55
2018-10-25T00:00:00,12:00:00,25.6,4.4,7.2,1,6.6,280,3.6,1.1,7,7,0.054,0.63,0.09,0.48
2018-11-29T00:00:00,07:12:00,24.4,5.9,7.7,0.8,30.3,14,5.3,1.1,24,14,0.037,0.35,0.09,0.35
2018-11-29T00:00:00,08:00:00,24.7,5.7,7.8,1,29.7,3 EST,6.4,1.1,30,7,0.04,0.39,0.1,0.39
2018-11-29T00:00:00,08:20:00,25.2,5.4,7.7,1,26.7,14,5.9,1.1,28,5,0.046,0.38,0.1,0.38
2018-11-29T00:00:00,08:42:00,25.8,5.6,7.6,1,22.1,16,4.3,1.1,29,6,0.05,0.41,0.11,0.39
2018-11-29T00:00:00,09:05:00,25.7,4.6,7.6,1,26.2,15,4.8,1.1,31,6,0.049,0.38,0.11,0.38
2018-11-29T00:00:00,09:30:00,26,4.7,7.6,1,25.6,17,3.7,1.1,12,6,0.053,0.36,0.09,0.35
2018-11-29T00:00:00,10:08:00,26.1,4.7,7.5,1.2,24.2,15,3.7,1.1,11,6,0.054,0.38,0.09,0.37
2018-11-29T00:00:00,10:35:00,25.7,5.6,7.5,1.1,23.1,27,4.8,1.1,22,6,0.054,0.4,0.11,0.39
2018-12-20T00:00:00,07:25:00,28.1,6.2,7.8,0.9,23.4,14,12,1.2,12,5.3,0.023,0.56,0.09,0.56
2018-12-20T00:00:00,08:10:00,28.2,6.1,7.8,0.8,20.9,18,15,1.2,13,6.4,0.02,0.64,0.1,0.64
2018-12-20T00:00:00,08:45:00,28.4,6.8,7.8,0.8,19.2,24,20,1.3,15,6.2,0.021,0.66,0.1,0.66
2018-12-20T00:00:00,09:15:00,28.8,6.8,7.6,0.9,17.3,42,16,1.3,15,6.4,0.02,0.7,0.1,0.7
2018-12-20T00:00:00,09:50:00,28.6,7.5,7.6,0.8,18.6,42,14,1.2,9,6.4,0.035,0.63,0.1,0.6
2018-12-20T00:00:00,10:10:00,28.6,6.1,7.6,0.8,18.3,25,18,1.3,13,6.2,0.036,0.65,0.1,0.63
2018-12-20T00:00:00,10:40:00,29.3,7.2,7.6,1,17.8,40,16,1.3,15,5.4,0.034,0.53,0.09,0.53
2018-12-20T00:00:00,11:15:00,29.4,7.3,7.6,0,15.2,100,15,1.2,8,5,0.032,0.5,0.09,0.5
2018-12-20T00:00:00,12:30:00,30,8.1,7.5,0,0.4,21,1.1,1,22,8.9,0.046,1.06,0.11,0.91
2019-01-17T00:00:00,07:50:00,28.9,5.8,7.7,0.7,28.9,2 EST,13,1.2,16,9,0.059,0.44,0.11,0.44
2019-01-17T00:00:00,08:30:00,28.9,5.2,7.7,0.7,28.6,3 EST,12,1.2,13,8,0.061,0.45,0.11,0.45
2019-01-17T00:00:00,09:00:00,29,4.9,7.7,0.6,27.2,5 EST,13,1.2,23,8,0.067,0.51,0.12,0.51
2019-01-17T00:00:00,09:30:00,29.3,5.9,7.7,0.6,26.1,6 EST,15,1.2,22,7,0.073,0.52,0.13,0.52
2019-01-17T00:00:00,09:55:00,29.4,4.4,7.7,0.6,26.7,16,19,1.2,20,9,0.076,0.53,0.14,0.53
2019-01-17T00:00:00,10:15:00,29.7,4.8,7.6,0.7,25.1,8 EST,13,1.2,28,8,0.079,0.49,0.13,0.49
2019-01-17T00:00:00,10:35:00,29.9,4.2,7.5,0.7,23.8,22,11,1.2,14,8,0.082,0.45,0.12,0.45
2019-01-17T00:00:00,11:05:00,29.9,3.9,7.5,0.7,20.7,50,11,1.2,13,9,0.069,0.45,0.11,0.45
2019-02-20T00:00:00,07:29:00,28,5.7,8.1,0.8,32.5,1 EST,6.4,1.1,35,12,0.057,0.41,0.12,0.41
2019-02-20T00:00:00,08:22:00,27.5,5.2,7.9,0.8,30.4,7 EST,8,1.2,30,6,0.058,0.44,0.13,0.44
2019-02-20T00:00:00,09:00:00,27.7,5.2,7.9,0.8,30.9,14,5.3,1.1,38,10,0.059,0.45,0.15,0.45
2019-02-20T00:00:00,09:32:00,27.8,5.2,7.9,0.8,31,4 EST,8.2,1.1,32,7,0.061,0.46,0.14,0.46
2019-02-20T00:00:00,10:02:00,28.1,5.4,7.9,0.8,30.3,17,8.9,1.2,27,6,0.067,0.42,0.13,0.42
2019-02-20T00:00:00,10:27:00,28,5.1,7.9,0.8,30.5,23,11,1.2,37,7,0.063,0.42,0.13,0.42
2019-02-20T00:00:00,11:04:00,28.4,5.1,7.9,1,29.1,250,9.1,1.2,35,6,0.075,0.44,0.13,0.44
2019-02-20T00:00:00,11:32:00,29.1,5.7,7.9,1,27.5,14,15,1.2,25,8,0.085,0.46,0.14,0.46
2019-03-21T00:00:00,07:12:00,26.7,4.4,7.4,0.6,15.9,51,1.3,1,14,10,0.071,0.91,0.14,0.67
2019-03-21T00:00:00,08:05:00,26.8,4.6,7.4,0.7,15.6,53,2.7,1,20,12,0.068,0.9,0.15,0.66
2019-03-21T00:00:00,08:36:00,26.8,4.3,7.4,0.6,15.1,63,4,1,15,12,0.069,0.91,0.14,0.66
2019-03-21T00:00:00,09:10:00,26.9,4.2,7.4,0.6,14.4,68,2.7,1,13,12,0.076,0.93,0.15,0.67
2019-03-21T00:00:00,09:55:00,27.1,4.5,7.4,0.8,14.5,74,4,1,13,11,0.09,0.94,0.16,0.68
2019-03-21T00:00:00,10:24:00,27.3,4.1,7.4,0.8,14.2,130,5.3,1,9,12,0.094,0.99,0.15,0.7
2019-03-21T00:00:00,10:58:00,28.5,4.9,7.3,0.8,11.6,56,8,1.1,9,12,0.1,1.09,0.19,0.81
2019-03-21T00:00:00,11:32:00,27.7,3.7,7.1,0.9,8.7,19,11,0.7,4,11,0.13,0.99,0.21,0.7
2019-04-18T00:00:00,07:45:00,23,6.7,7.9,0.8,30.6,10,2.7,1,13,28,0.04,0.38,0.09,0.38
2019-04-18T00:00:00,08:35:00,23.2,5.7,7.9,0.8,30,8 EST,<1,1,9,19,0.041,0.4,0.09,0.4
2019-04-18T00:00:00,09:10:00,23.5,6.1,7.9,0.9,28.6,8 EST,2.7,1,10,16,0.042,0.43,0.09,0.43
2019-04-18T00:00:00,09:50:00,24.3,5.9,7.8,0.9,25.8,10,2.7,1,4,14,0.045,0.44,0.11,0.44
2019-04-18T00:00:00,10:15:00,23.9,6.1,7.8,0.9,26.8,14,2.7,1,7,11,0.048,0.45,0.11,0.45
2019-04-18T00:00:00,10:40:00,24,6.5,7.7,0.9,25.6,23,2.7,1,9,11,0.058,0.47,0.12,0.47
2019-04-18T00:00:00,11:15:00,24.4,5.3,7.5,1.1,22.4,49,2.7,1,5,11,0.072,0.5,0.12,0.48
2019-04-18T00:00:00,11:55:00,24.1,5.2,7.5,1.2,19.6,120,2.7,1,5,11,0.074,0.55,0.12,0.52
2019-05-02T00:00:00,07:15:00,23.6,6.8,7.9,1.1,28.8,6 EST,2.7,1,12,7.2,0.032,0.32,0.08,0.32
2019-05-02T00:00:00,08:00:00,23.8,6.2,7.9,1.1,29.1,6 EST,1.3,1,5,6.5,0.039,0.37,0.08,0.37
2019-05-02T00:00:00,08:38:00,23.8,6.6,7.8,1.4,24.7,12,4,1,6,5.8,0.039,0.37,0.08,0.37
2019-05-02T00:00:00,09:13:00,24.2,6.6,7.8,1.2,22.9,19,6.7,1.1,3,6.6,0.049,0.43,0.1,0.43
2019-05-02T00:00:00,09:40:00,24.3,6.3,7.8,1.2,23.9,19,9.3,1.1,7,7.8,0.049,0.44,0.1,0.44
2019-05-02T00:00:00,10:02:00,24.5,6.1,7.7,1.3,22.8,23,6.7,1.1,6,7.6,0.054,0.45,0.11,0.45
2019-05-02T00:00:00,10:26:00,24.5,5.5,7.6,1.4,20.6,60,5.3,1,2,7,0.06,0.41,0.11,0.4
2019-05-02T00:00:00,10:45:00,24.2,5.5,7.5,1.4,18,140,4,1,5,7.1,0.065,0.41,0.11,0.39
2019-06-13T00:00:00,07:40:00,18.9,9.3,7.7,1.4,30.6,4 EST,2.7,1,16,7.4,0.027,0.35,0.06,0.35
2019-06-13T00:00:00,08:25:00,18.9,8.7,7.7,1.3,30,3 EST,2.7,1,25,5.3,0.03,0.39,0.06,0.39
2019-06-13T00:00:00,08:45:00,19.1,6.9,7.7,1.4,28.3,3 EST,2.7,1,13,5.3,0.037,0.41,0.08,0.4
2019-06-13T00:00:00,09:20:00,20.1,6.4,7.5,1.4,24.3,6 EST,<1,1,26,5.6,0.035,0.41,0.08,0.4
2019-06-13T00:00:00,09:40:00,19.1,8.5,7.6,1.3,27.9,3 EST,2.7,1,28,6.1,0.047,0.41,0.08,0.39
2019-06-13T00:00:00,09:55:00,19.2,5.4,7.4,1.5,27,9,1.3,1,13,5.5,0.049,0.42,0.08,0.39
2019-06-13T00:00:00,10:20:00,19.2,4.6,7.3,1.6,25.3,38,2.7,1,4,4.6,0.05,0.38,0.08,0.34
2019-06-13T00:00:00,10:50:00,19.3,5,7.3,1.2,23.6,71,1.3,1,13,4.8,0.049,0.37,0.08,0.33
2019-07-11T00:00:00,08:00:00,18.5,6.5,7.5,1.2,28.6,3 EST,2.1,1,21,<5.0,0.036,0.38,0.07,0.37
2019-07-11T00:00:00,08:35:00,18.5,7.2,7.5,1.1,27.9,3 EST,2.1,1,19,6,0.057,0.41,0.09,0.39
2019-07-11T00:00:00,09:00:00,19,8.6,7.5,1.2,25,4 EST,3.2,1,14,<5.0,0.06,0.41,0.09,0.39
2019-07-11T00:00:00,09:25:00,19.8,8.6,7.4,1.2,22.3,7 EST,1.1,1,19,6,0.055,0.44,0.09,0.41
2019-07-11T00:00:00,09:50:00,19,4.7,7.4,1.4,24.5,11,1.1,1,18,12,0.049,0.43,0.08,0.39
2019-07-11T00:00:00,10:10:00,19.2,8.5,7.4,1.4,23.8,14,<1,1,21,<5.0,0.051,0.43,0.07,0.38
2019-07-11T00:00:00,10:30:00,18.9,3.9,7.3,1.3,20.7,43,<1,1,18,<5.0,0.047,0.42,0.07,0.37
2019-07-11T00:00:00,10:50:00,19.1,4.6,7.3,1.3,19.2,39,2.1,1,17,<5.0,0.044,0.48,0.08,0.43
2019-08-22T00:00:00,07:15:00,17.2,6.9,7.6,1,29.9,1 EST,1.3,1,19,56,0.053,0.35,0.08,0.34
2019-08-22T00:00:00,07:50:00,17.7,6.1,7.7,1.3,31.1,2 EST,2.7,1,18,31,0.062,0.39,0.09,0.37
2019-08-22T00:00:00,08:10:00,17.6,5.9,7.6,1.4,28.5,2 EST,1.3,1,21,19,0.063,0.4,0.09,0.37
2019-08-22T00:00:00,08:33:00,18.1,5.1,7.5,1.4,27.4,4 EST,2.7,1,19,28,0.057,0.41,0.08,0.37
2019-08-22T00:00:00,08:55:00,18,5.4,7.5,1.5,27.6,4 EST,2.7,1,16,20,0.054,0.41,0.07,0.37
2019-08-22T00:00:00,09:15:00,18.2,5,7.5,1.6,27.2,14,2.7,1,16,15,0.053,0.41,0.07,0.37
2019-08-22T00:00:00,09:46:00,17.9,5.4,7.5,1.5,25.7,14,2.7,1,16,28,0.048,0.41,0.07,0.36
2019-08-22T00:00:00,10:18:00,17.9,5.8,7.5,1,25.3,28,1.3,1,18,15,0.048,0.39,0.07,0.35
2019-09-12T00:00:00,07:50:00,17.8,7,7.8,1.5,32.4,1 EST,1.1,1,53,8,0.02,0.25,0.11,0.25
2019-09-12T00:00:00,08:40:00,18.2,6.5,7.8,1.3,34.2,1 EST,2.1,1,15,7,0.023,0.28,0.11,0.28
2019-09-12T00:00:00,09:15:00,18.7,5.9,7.8,1.2,32.1,2 EST,4.3,1,19,7,0.03,0.31,0.12,0.3
2019-09-12T00:00:00,09:47:00,20.2,6.6,7.6,1.1,25.5,9 EST,3.2,1,3,13,0.056,0.38,0.13,0.35
2019-09-12T00:00:00,10:12:00,19.2,6.4,7.7,1,31,5 EST,4.3,1,18,7,0.042,0.39,0.12,0.36
2019-09-12T00:00:00,10:33:00,19.5,6.6,7.6,1,30.2,7 EST,3.2,1,27,7,0.052,0.42,0.13,0.37
2019-09-12T00:00:00,11:03:00,19.6,8.1,7.5,1.1,28.2,12,1.1,1,14,7,0.05,0.37,0.12,0.32
2019-09-12T00:00:00,11:36:00,19.3,5.5,7.5,1.2,27.5,24,1.1,1,12,7,0.043,0.34,0.11,0.29
2019-10-24T00:00:00,07:30:00,24.6,6,7.8,1.4,32.3,7 EST,5.9,1.1,27,7,0.042,0.31,0.07,0.31
2019-10-24T00:00:00,08:20:00,25.1,6.6,7.8,1.2,33.5,8 EST,6.4,1.1,10,6,0.047,0.34,0.08,0.34
2019-10-24T00:00:00,08:55:00,25.7,6.8,7.8,1.1,28.3,2 EST,7.5,1.1,20,6,0.066,0.39,0.1,0.39
2019-10-24T00:00:00,09:28:00,25.9,6.6,7.7,1.1,28.7,6 EST,8.5,1.1,11,6,0.072,0.41,0.11,0.41
2019-10-24T00:00:00,10:05:00,25.9,6.3,7.7,1.1,28.5,7 EST,12,1.1,20,6,0.067,0.4,0.1,0.4
2019-10-24T00:00:00,10:25:00,26.2,5.7,7.6,1.2,27.1,10 EST,12,1.1,7,7,0.074,0.39,0.11,0.39
2019-10-24T00:00:00,11:05:00,26.3,4.4,7.5,1,25.8,23,9.6,1.1,24,6,0.073,0.41,0.11,0.39
2019-10-24T00:00:00,11:34:00,26.3,5.5,7.5,0.9,23.8,68,7.5,1.1,21,6,0.067,0.42,0.1,0.4
2019-11-07T00:00:00,07:40:00,24.5,6.4,7.8,1.5,33.2,2 EST,4.3,1.1,12,11,0.046,0.36,0.08,0.36
2019-11-07T00:00:00,08:27:00,25,5.5,7.7,1.3,32,1 EST,4.3,1.1,28,9,0.052,0.36,0.08,0.36
2019-11-07T00:00:00,08:55:00,25.7,6.5,7.7,1.3,28.8,5 EST,3.2,1,17,9,0.066,0.42,0.1,0.42
2019-11-07T00:00:00,09:25:00,26,4.4,7.6,1.3,29.6,6 EST,7.5,1.1,25,9,0.069,0.42,0.1,0.42
2019-11-07T00:00:00,09:44:00,26,4.7,7.6,1.2,30.7,5 EST,3.2,1,24,10,0.069,0.43,0.11,0.43
2019-11-07T00:00:00,10:03:00,25.9,5.1,7.6,1.2,29.9,5 EST,5.3,1.1,30,9,0.072,0.44,0.12,0.44
2019-11-07T00:00:00,10:22:00,26.1,6,7.5,1.3,28.2,25,6.4,1.1,20,10,0.069,0.41,0.11,0.41
2019-11-07T00:00:00,10:50:00,25.9,4.9,7.5,1.3,26.7,40,6.4,1.1,22,9,0.066,0.42,0.11,0.42
2019-12-05T00:00:00,07:30:00,26.9,5.2,7.6,0.9,32.5,<1,8.5,1.1,16,8,0.062,0.42,0.09,0.42
2019-12-05T00:00:00,08:15:00,27.9,5.7,6.7,1.1,30.8,1 EST,9.6,1.1,27,9,0.073,0.51,0.11,0.51
2019-12-05T00:00:00,08:40:00,27.9,5.5,7.6,1,31,<1,9.6,1.1,17,10,0.077,0.5,0.12,0.5
2019-12-05T00:00:00,09:10:00,28.1,3.8,7.6,1,31.6,2 EST,12,1.1,17,8,0.074,0.51,0.12,0.51
2019-12-05T00:00:00,10:20:00,29.1,4.4,7.7,0.9,30.7,1 EST,11,1.1,19,8,0.073,0.5,0.12,0.5
2019-12-05T00:00:00,10:38:00,29,5.1,7.7,0.9,30.7,7 EST,11,1.1,37,8,0.075,0.5,0.12,0.5
2019-12-05T00:00:00,11:07:00,29.2,4.9,7.6,0.8,29.5,7 EST,8.5,1.1,37,9,0.076,0.51,0.13,0.51
2019-12-05T00:00:00,11:32:00,29.2,5.3,7.6,0.8,28.2,29,12,1.1,36,8,0.074,0.51,0.13,0.51
2020-01-09T00:00:00,07:25:00,29.6,5.7,7.8,0.8,35,5 EST,11,1.1,24,10,0.041,0.44,0.11,0.44
2020-01-09T00:00:00,08:10:00,30,4.8,7.8,0.9,35.1,2 EST,12,1.1,26,9,0.053,0.45,0.12,0.45
2020-01-09T00:00:00,08:42:00,30,4.6,7.8,0.8,33.4,6 EST,13,1.2,37,9,0.058,0.47,0.32,0.47
2020-01-09T00:00:00,09:19:00,30.1,4.8,7.7,0.8,30.8,2 EST,13,1.2,12,9,0.072,0.47,0.14,0.47
2020-01-09T00:00:00,09:44:00,30.5,5,7.7,0.8,32.5,9 EST,17,1.2,26,8,0.063,0.53,0.14,0.53
2020-01-09T00:00:00,10:03:00,30.8,5.1,7.7,0.8,31.9,14,18,1.2,17,9,0.068,0.55,0.15,0.55
2020-01-09T00:00:00,10:33:00,31.1,5.2,7.6,0.8,30,14,19,1.2,27,9,0.079,0.55,0.16,0.55
2020-01-09T00:00:00,11:10:00,30.5,4.4,7.4,0.8,28.4,60,21,1.2,25,9,0.079,0.56,0.18,0.56
2020-03-19T00:00:00,07:40:00,22.7,8.2,7.8,1.1,9.4,42,16,1.1,9,12,<0.005,0.61,0.05,0.61
2020-03-19T00:00:00,08:16:00,23.6,8.4,7.8,1.1,4.8,47,8.5,1.1,2,10,0.007,0.51,0.04,0.51
2020-03-19T00:00:00,08:42:00,23.8,8.2,7.8,1.1,4.5,70,15,1.1,4,10,0.009,0.54,0.05,0.54
2020-03-19T00:00:00,09:12:00,24.1,7.5,7.6,1.2,4.2,85,17,1.2,3,9,0.02,0.56,0.06,0.54
2020-03-19T00:00:00,09:34:00,24.1,7.1,7.6,1.3,2.8,83,4.3,1,3,9,0.015,0.48,0.03,0.42
2020-03-19T00:00:00,09:54:00,24.2,6.8,7.6,1.3,2.5,160,6.4,1.1,4,9,0.012,0.44,0.03,0.4
2020-03-19T00:00:00,10:14:00,23.8,7.1,7.6,1.3,0.7,250,3.2,1,3,8,0.008,0.44,0.02,0.4
2020-03-19T00:00:00,10:42:00,23.8,7.5,7.7,1.3,0.2,120,7.5,1.1,3,7,0.006,0.47,0.03,0.41
2020-05-27T00:00:00,07:45:00,17.1,7.9,7.5,1.2,30,8 EST,11,1.2,12,11,0.034,0.26,0.07,0.24
2020-05-27T00:00:00,08:19:00,17.4,6.5,7.6,1.2,29.8,8 EST,9.1,1.2,14,7,0.039,0.28,0.08,0.26
2020-05-27T00:00:00,08:40:00,17.5,5.9,7.5,1.2,28.1,11,6.9,1.2,22,8,0.055,0.3,0.1,0.25
2020-05-27T00:00:00,09:12:00,18,5.6,7.4,1.2,27.1,11,7.5,1.2,16,6,0.05,0.3,0.09,0.24
2020-05-27T00:00:00,09:33:00,18.6,5.6,7.4,1.3,25.1,17,5.9,1.1,15,6,0.15,0.3,0.2,0.24
2020-05-27T00:00:00,09:50:00,18,4.7,7.3,1.3,26.1,32,6.4,1.1,4,7,0.041,0.29,0.07,0.22
2020-05-27T00:00:00,10:16:00,18,4.8,7.3,1.2,24.4,41,4.8,1.1,12,12,0.038,0.27,0.07,0.19
2020-05-27T00:00:00,10:51:00,18.1,4.9,7.2,1.3,23.6,32,3.2,1.1,12,7,0.036,0.25,0.06,0.16
2020-06-18T00:00:00,08:24:00,20,7.3,7.7,1,29.7,5 EST,12,1.1,26,19,0.03,0.38,0.06,0.38
2020-06-18T00:00:00,09:06:00,19.9,7.6,7.7,1,28.5,8 EST,25,1.2,23,<5.0,0.039,0.43,0.07,0.43
2020-06-18T00:00:00,09:35:00,20.4,7.3,7.6,1,26.4,10 EST,25,1.3,13,<5.0,0.059,0.46,0.1,0.46
2020-06-18T00:00:00,10:03:00,20.6,6.5,7.6,1.1,25.2,8 EST,20,1.5,11,7,0.11,0.53,0.14,0.5
2020-06-18T00:00:00,10:24:00,20.5,6.1,7.5,1,26.5,17,18,1.2,17,6,0.061,0.5,0.08,0.46
2020-06-18T00:00:00,10:45:00,20.4,4.9,7.4,1.1,24.8,17,7.5,1.1,18,<5.0,0.069,0.49,0.08,0.43
2020-06-18T00:00:00,11:10:00,20.3,4.2,7.3,1.1,23.1,80 EST,4.3,1.1,20,5,0.06,0.47,0.07,0.4
2020-06-18T00:00:00,11:40:00,20.1,4.4,7.2,1,21,170,3.2,1,<2,5,0.048,0.44,0.05,0.35
2020-07-09T00:00:00,08:01:00,17,6.9,7.5,1.2,29.2,8 EST,2.7,1,11,9,0.05,0.4,0.05,0.37
2020-07-09T00:00:00,08:42:00,17.3,5.8,7.6,1.3,29.3,8 EST,4.4,1,10,6,0.06,0.44,0.06,0.4
2020-07-09T00:00:00,09:09:00,17.4,5.5,7.5,1.3,27.4,16,3.6,1,8,6,0.06,0.49,0.06,0.44
2020-07-09T00:00:00,09:38:00,17.5,5.5,7.5,1.2,25.4,56,2.7,1,7,8,0.07,0.48,0.07,0.41
2020-07-09T00:00:00,09:58:00,17.8,5.4,7.5,1.3,24.9,28,3.6,1,9,8,0.07,0.51,0.07,0.44
2020-07-09T00:00:00,10:22:00,17.6,5,7.5,1.3,25.5,80,2.7,1,4,6,0.07,0.49,0.07,0.43
2020-07-09T00:00:00,10:52:00,17.5,4.6,7.4,1.3,25.4,31,<1,1,3,<5.0,0.06,0.43,0.06,0.37
2020-07-09T00:00:00,11:22:00,17.5,5,7.4,1.3,24.2,44,1.8,1,4,5,0.06,0.4,0.06,0.35
2020-08-05T00:00:00,07:49:00,17.8,6.6,7.5,1.5,29.2,8 EST,1.8,1,27,10,0.053,0.48,0.07,0.4
2020-08-05T00:00:00,08:37:00,17.9,6.2,7.6,1.4,29.9,<1,2.7,1,30,10,0.053,0.48,0.06,0.4
2020-08-05T00:00:00,09:06:00,17.9,6,7.6,1.5,27.4,2 EST,2.7,1,21,6,0.063,0.57,0.07,0.46
2020-08-05T00:00:00,09:38:00,18.2,5.8,7.6,1.6,27.3,3 EST,2.7,1.1,10,8,0.069,0.59,0.08,0.47
2020-08-05T00:00:00,10:07:00,19,5.9,7.6,1.6,25.2,4 EST,3.6,1.1,15,8,0.068,0.6,0.08,0.49
2020-08-05T00:00:00,10:31:00,18.8,7.7,7.6,1.6,26.3,6 EST,2.7,1.1,27,8,0.077,0.65,0.09,0.52
2020-08-05T00:00:00,11:03:00,18.7,4.5,7.5,1.6,25.4,5 EST,<1,1,23,8,0.07,0.63,0.08,0.49
2020-08-05T00:00:00,11:45:00,18.7,5.2,7.5,1.7,22.9,29,2.7,1,15,7,0.053,0.51,0.07,0.4
2020-09-16T00:00:00,07:47:00,21.9,7.8,7.7,1.2,33.3,11,3.7,1.1,25,<5.0,0.025,0.4,0.05,0.37
2020-09-16T00:00:00,08:37:00,22.1,5.3,7.8,1.2,34.1,4 EST,4.8,1.1,23,<5.0,0.029,0.43,0.05,0.39
2020-09-16T00:00:00,09:10:00,22.2,5.4,7.7,1.1,31.4,4 EST,4.3,1.1,10,<5.0,0.031,0.48,0.05,0.43
2020-09-16T00:00:00,09:52:00,22.9,7.4,7.6,1.1,28.6,6 EST,3.7,1,<2,5.2,0.056,0.6,0.08,0.54
2020-09-16T00:00:00,10:20:00,22.7,5.6,7.6,1.2,29.9,11,8,1.2,6,<5.0,0.041,0.55,0.07,0.47
2020-09-16T00:00:00,10:50:00,22.9,5,7.6,1.3,29,11,6.9,1.1,9,<5.0,0.049,0.53,0.08,0.45
2020-09-16T00:00:00,11:18:00,22.9,4.2,7.4,1.3,27,16,2.7,1.1,2,<5.0,0.051,0.55,0.07,0.46
2020-09-16T00:00:00,11:59:00,22.9,4.7,7.4,1.3,25.6,51,2.1,1.1,6,<5.0,0.048,0.5,0.07,0.44
2020-10-21T00:00:00,07:46:00,24.2,6.1,7.6,0.8,32.8,5 EST,6.2,1.1,57,7,0.044,0.49,0.08,0.47
2020-10-21T00:00:00,08:24:00,24.3,8.5,7.6,0.8,34.6,5 EST,7.1,1.1,36,7,0.048,0.5,0.08,0.49
2020-10-21T00:00:00,08:51:00,24.7,6.2,7.6,0.8,31.4,5 EST,7.1,1.1,27,7,0.055,0.51,0.08,0.48
2020-10-21T00:00:00,09:23:00,24.9,6.1,7.6,0.8,31.1,8 EST,3.6,1.1,27,7,0.063,0.49,0.08,0.45
2020-10-21T00:00:00,09:45:00,25.1,6.6,7.5,0.9,29.4,6 EST,4.4,1.1,27,7,0.076,0.6,0.09,0.56
2020-10-21T00:00:00,10:04:00,25.1,6.4,7.5,0.7,30,6 EST,7.1,1.1,41,7,0.07,0.56,0.08,0.52
2020-10-21T00:00:00,10:31:00,24.9,5.9,7.4,0.8,29.5,11,5.3,1.1,33,6,0.071,0.54,0.09,0.49
2020-10-21T00:00:00,11:02:00,25,9.6,7.3,0.7,28.6,17,6.2,1.2,26,7,0.074,0.49,0.08,0.44
2020-11-04T00:00:00,07:45:00,24.4,5.4,7.5,1.1,24.2,3 EST,6.4,1.1,16,8,0.028,0.54,0.07,0.47
2020-11-04T00:00:00,08:23:00,24.7,5.6,7.6,1.1,30,5 EST,8,1.1,<2,6,0.029,0.55,0.07,0.48
2020-11-04T00:00:00,09:02:00,25,5.8,7.5,1,22.9,7 EST,19,1.5,4,6,0.036,0.67,0.08,0.56
2020-11-04T00:00:00,09:34:00,25.1,5.3,7.5,0.8,22.4,5 EST,8,1.1,<2,6,0.04,0.69,0.08,0.58
2020-11-04T00:00:00,10:05:00,25.4,6,7.5,0.8,22.5,8 EST,5.9,1.1,<2,7,0.04,0.68,0.08,0.56
2020-11-04T00:00:00,10:24:00,25.4,5.4,7.5,0.8,22,5 EST,6.9,1.2,<2,6,0.041,0.67,0.08,0.55
2020-11-04T00:00:00,10:52:00,25.7,4.9,7.4,0.8,21.6,10 EST,5.9,1.1,<2,6,0.05,0.71,0.09,0.57
2020-11-04T00:00:00,11:24:00,25.7,3.8,7.3,0.8,20,19,4.3,1.1,<2,6,0.057,0.77,0.09,0.61
2020-12-16T00:00:00,08:19:00,25.4,6,7.5,0.8,25,91,8.5,1.1,23,7,0.036,0.54,0.1,0.51
2020-12-16T00:00:00,08:56:00,25.6,5.2,7.5,0.8,26.1,55,9.1,1.1,28,7,0.04,0.57,0.09,0.52
2020-12-16T00:00:00,09:24:00,25.5,5.1,7.5,0.8,23.9,64,11,1.1,22,7,0.045,0.56,0.1,0.5
2020-12-16T00:00:00,09:55:00,25.6,4.8,7.5,0.8,23,60,8.9,1.1,31,6,0.05,0.57,0.11,0.51
2020-12-16T00:00:00,10:23:00,26.1,5.1,7.5,0.8,21.9,100,9.8,1.1,24,7,0.068,0.66,0.12,0.59
2020-12-16T00:00:00,10:46:00,26,4.7,7.5,0.8,22.3,52,14,1.2,21,6,0.058,0.63,0.11,0.56
2020-12-16T00:00:00,11:17:00,25.9,4,7.4,0.9,21.1,60,12,1.1,23,7,0.065,0.65,0.11,0.57
2020-12-16T00:00:00,11:49:00,27.2,4.5,7.4,0.9,18.8,82,12,1.1,20,7,0.067,0.71,0.11,0.61
2021-01-29T00:00:00,07:23:00,28.1,6.9,7.7,0.8,26.3,8 EST,3.2,1,29,9,0.028,0.47,0.08,0.47
2021-01-29T00:00:00,08:16:00,28.2,5.9,7.8,0.8,27,10,4.3,1.1,29,8,0.03,0.47,0.09,0.47
2021-01-29T00:00:00,08:53:00,28.3,5.9,7.8,0.8,25.8,10,4.3,1.1,30,8,0.031,0.46,0.09,0.46
2021-01-29T00:00:00,09:33:00,28.3,5.8,7.8,0.8,25,10,6.4,1.1,28,8,0.035,0.48,0.1,0.48
2021-01-29T00:00:00,10:02:00,28.4,6.2,7.8,0.8,24.7,7 EST,7.5,1.1,36,8,2.35,0.51,2.4,0.51
2021-01-29T00:00:00,10:36:00,28.6,5.8,7.8,0.8,24.3,7 EST,11,1.1,28,8,0.054,0.52,0.14,0.52
2021-01-29T00:00:00,11:05:00,29.3,6,7.7,0.8,22.9,7 EST,7.5,1.1,19,9,0.59,0.5,0.65,0.5
2021-01-29T00:00:00,11:45:00,28.9,7.3,7.6,0.8,20.4,49,12,1.1,20,9,0.057,0.57,0.17,0.57
2021-02-24T00:00:00,08:57:00,26.3,8.8,6,0.8,15.2,3300,2.7,1,22,7,0.042,0.52,0.09,0.5
2021-02-24T00:00:00,09:42:00,27.8,7.3,6.8,1.1,23.3,">10,000",2.7,1,19,6,0.045,0.53,0.08,0.53
2021-02-24T00:00:00,10:13:00,27.8,7.4,6.8,1.1,18.6,">10,000",1.3,1,15,6,0.11,0.84,0.15,0.76
2021-02-24T00:00:00,10:41:00,28,7.2,6.8,1.1,17.9,6600,2.7,1,15,6,0.11,0.77,0.15,0.71
2021-02-24T00:00:00,11:04:00,28,7.4,6.8,1.1,16.7,3700,2.7,1,17,5,0.069,0.57,0.1,0.51
2021-02-24T00:00:00,11:28:00,28.2,7.3,6.9,1,15.5,2200,4,1,16,5,0.071,0.55,0.13,0.49
2021-02-24T00:00:00,11:56:00,26.7,7.8,6.8,0.9,8.7,7500,1.3,1,23,6,0.075,0.72,0.12,0.54
2021-02-24T00:00:00,12:25:00,25.8,8,6.7,0.7,4.3,">10,000",<1,0.9,39,6,0.075,0.85,0.14,0.56
2021-03-17T00:00:00,08:39:00,25,5,7.5,1.1,25.4,6 EST,3.2,1,22,8,0.034,0.41,0.08,0.4
2021-03-17T00:00:00,09:26:00,25.1,5.1,7.6,1.1,27.8,5 EST,2.1,1,26,8,0.034,0.42,0.07,0.41
2021-03-17T00:00:00,09:56:00,25.2,5.3,7.6,1.2,22.5,15,2.1,1,19,8,0.043,0.46,0.08,0.44
2021-03-17T00:00:00,10:28:00,25.3,5,7.6,1.2,21.5,25,2.1,1,6,9,0.046,0.52,0.09,0.49
2021-03-17T00:00:00,11:00:00,25.6,4.8,7.5,1.2,18.8,32,2.1,1,16,9,0.047,0.6,0.1,0.56
2021-03-17T00:00:00,11:23:00,25.5,4.9,7.6,1.2,20,50,4.3,1.1,20,10,0.047,0.58,0.1,0.55
2021-03-17T00:00:00,11:46:00,25.5,5.2,7.5,1,19.7,41,5.3,1.1,28,9,0.051,0.49,0.1,0.45
2021-03-17T00:00:00,12:19:00,25.5,3.7,7.4,1,16.2,78,2.1,1.1,47,8,0.065,0.56,0.12,0.52
2021-04-15T00:00:00,08:14:00,22.1,8.7,6.1,1.1,13,60,2.1,1,9,10,0.035,0.59,0.09,0.52
2021-04-15T00:00:00,09:03:00,22.4,8.4,6.4,1.1,8.5,45,2.1,1,6,10,0.043,0.69,0.08,0.55
2021-04-15T00:00:00,09:31:00,22.7,8,6.5,1.1,6,49,1.1,1,6,9,0.049,0.64,0.08,0.46
2021-04-15T00:00:00,10:05:00,23,8.7,7.1,1.1,6.2,120,1.1,1,5,9,0.049,0.69,0.09,0.53
2021-04-15T00:00:00,10:34:00,23.3,5.6,7.3,1.1,5.2,55,1.1,1,<2,10,0.099,0.69,0.12,0.51
2021-04-15T00:00:00,11:01:00,23.3,5.7,7.3,1.1,4.2,83,1.1,1,5,10,0.055,0.66,0.08,0.48
2021-04-15T00:00:00,11:30:00,23.5,6.5,7.4,1,1.4,80,2.1,1,<2,10,0.033,0.62,0.06,0.42
2021-04-15T00:00:00,12:00:00,23.9,6.4,7.4,1,0.7,140,<1,1,3,10,0.029,0.63,0.06,0.43
2021-05-26T00:00:00,08:17:00,19.4,7.2,7.7,1.3,23.7,17,1.1,1,11,9.9,0.034,0.34,0.04,0.32
2021-05-26T00:00:00,09:02:00,19.7,6.1,7.7,1.4,25.1,89,<1,1,8,1.9,0.039,0.36,0.05,0.33
2021-05-26T00:00:00,09:30:00,19.9,5.8,7.6,1.4,20.5,5 EST,<1,1,9,8.5,0.044,0.37,0.06,0.34
2021-05-26T00:00:00,09:59:00,21.4,6,7.4,1.4,15.5,10,2.1,1.1,9,9.9,0.078,0.45,0.1,0.41
2021-05-26T00:00:00,10:22:00,20.3,5.1,7.4,1.3,17.9,14,2.1,1,6,8.1,0.055,0.5,0.07,0.45
2021-05-26T00:00:00,10:40:00,20.5,5.3,7.4,1.35,17.9,20,2.1,1,10,8.6,0.06,0.48,0.08,0.42
2021-05-26T00:00:00,11:03:00,20.4,4.2,7.2,1.3,13.6,13,1.1,1,7,33,0.047,0.51,0.07,0.43
2021-05-26T00:00:00,11:31:00,20.3,4,7.2,1.3,11.6,78,<1,1,6,9.1,0.039,0.5,0.06,0.42
2021-06-23T00:00:00,08:06:00,17.1,7.9,7.7,1.7,29.1,13,<1,1,9,5.2,0.024,0.25,0.04,0.25
2021-06-23T00:00:00,08:46:00,17.2,9.4,7.7,1.7,29.5,21,2.1,1,7,8.6,0.031,0.3,0.05,0.29
2021-06-23T00:00:00,09:14:00,17.4,7.7,7.7,1.6,24.8,21,3.2,1.1,8,11.1,0.043,0.4,0.07,0.38
2021-06-23T00:00:00,09:40:00,17.9,7.3,7.5,1.6,23,10,2.1,1,12,5.7,0.082,0.47,0.11,0.41
2021-06-23T00:00:00,10:04:00,17.7,7.1,7.6,1.5,23.7,21,3.2,1,9,5.9,0.048,0.42,0.08,0.39
2021-06-23T00:00:00,10:31:00,17.8,6.5,7.4,1.5,21.4,26,2.1,1,7,6.9,0.043,0.42,0.07,0.39
2021-06-23T00:00:00,10:56:00,17.8,8.3,7.3,1.4,19.6,32,2.1,1,8,6.8,0.032,0.36,0.05,0.33
2021-06-23T00:00:00,11:22:00,17.7,6.5,7.3,1.3,17.8,50,1.1,1,5,8.1,0.023,0.33,0.04,0.31
2021-07-15T00:00:00,08:09:00,17.3,8.9,7.5,1.8,23.7,9,2,1.48,4,4.9,0.038,0.48,0.05,0.4
2021-07-15T00:00:00,08:52:00,17.6,8.6,7.5,1.7,25.1,9,2,1.38,3,4.6,0.056,0.58,0.07,0.49
2021-07-15T00:00:00,09:14:00,17.7,8.7,7.4,1.7,21.8,11,2,1.73,5,5.4,0.057,0.56,0.08,0.47
2021-07-15T00:00:00,09:44:00,18.1,4.3,7.3,1.6,19.6,12,3,1.73,5,4.6,0.067,0.56,0.08,0.47
2021-07-15T00:00:00,10:05:00,18,4.7,7.3,1.6,19.5,14,2,1.7,6,4.8,0.058,0.57,0.07,0.48
2021-07-15T00:00:00,10:22:00,18,7,7.2,1.6,18.1,28,3,1.71,5,5,0.04,0.56,0.06,0.46
2021-07-15T00:00:00,10:42:00,18.1,4.8,7.2,1.6,15.9,37,2,1.59,4,5,0.037,0.51,0.05,0.41
2021-07-15T00:00:00,11:11:00,18.2,4.4,7.2,1.6,15,66,2,1.48,5,7.1,0.037,0.54,0.07,0.44
2021-09-22T00:00:00,08:16:00,20.7,6.5,7.7,1.1,31.6,2 EST,5,1.66,14,<1.0,0.021,0.24,0.05,0.24
2021-09-22T00:00:00,08:58:00,20.9,5.9,7.7,1.1,33,1 EST,4,1.78,18,<1.0,0.022,0.25,0.04,0.23
2021-09-22T00:00:00,09:24:00,21.1,5.5,7.7,1.1,31.3,3 EST,6,1.77,25,<1.0,0.023,0.27,0.05,0.26
2021-09-22T00:00:00,09:48:00,21.3,5.8,7.7,1,31,3 EST,6,1.68,27,<1.0,0.028,0.27,0.05,0.26
2021-09-22T00:00:00,10:15:00,22.1,7.2,7.6,1,25.8,2 EST,4,1.63,57,<1.0,0.048,0.36,0.08,0.33
2021-09-22T00:00:00,10:35:00,21.7,4.9,7.6,1,29,2 EST,6,1.76,36,<1.0,0.034,0.35,0.07,0.31
2021-09-22T00:00:00,10:59:00,21.9,4.5,7.5,1.1,28.1,5 EST,3,1.88,10,<1.0,0.039,0.38,0.06,0.32
2021-09-22T00:00:00,11:26:00,22,4.5,7.4,1.1,25.4,17,4,1.95,15,<1.0,0.039,0.38,0.05,0.32
2021-10-20T00:00:00,07:38:00,23.7,6.3,7.6,1.3,24.9,8 EST,4.3,1,58,8.2,0.017,0.41,0.06,0.39
2021-10-20T00:00:00,08:19:00,24.1,5.7,7.6,1.2,29.8,7 EST,6.4,1.1,56,7.3,0.017,0.44,0.06,0.41
2021-10-20T00:00:00,08:42:00,24,5.6,7.6,1.2,23.2,7 EST,4.3,1.1,52,5.8,0.02,0.45,0.07,0.41
2021-10-20T00:00:00,09:08:00,24.3,5,7.5,1,22.5,10,5.3,1.1,47,7.5,0.024,0.49,0.07,0.44
2021-10-20T00:00:00,09:30:00,24.7,6.3,7.6,1,21.7,5 EST,7.5,1.1,50,9.6,0.027,0.52,0.08,0.48
2021-10-20T00:00:00,09:47:00,24.7,4.9,7.5,0.9,21.6,15,6.4,1.1,45,7.7,0.027,0.56,0.08,0.49
2021-10-20T00:00:00,10:08:00,25,4.5,7.4,0.9,20.6,5 EST,6.4,1.1,40,7.1,0.039,0.58,0.08,0.48
2021-10-20T00:00:00,10:52:00,24.9,6.9,7.3,1.2,17.9,38,3.2,1,32,7.4,0.042,0.52,0.07,0.42
2021-11-26T00:00:00,07:47:00,25.1,4,7.4,0.9,10.9,290,14,1.6,9,6,0.04,0.6,0.11,0.53
2021-11-26T00:00:00,08:27:00,25.7,4.8,7.6,0.9,20.9,540,20,1.6,7,6.1,0.032,0.82,0.11,0.75
2021-11-26T00:00:00,08:50:00,26.1,3.9,7.5,0.95,16.1,450,7.7,1.6,10,5.3,0.044,0.61,0.09,0.54
2021-11-26T00:00:00,09:16:00,26.2,3.9,7.5,1,14.5,300,6.5,1.6,10,5.4,0.048,0.64,0.09,0.56
2021-11-26T00:00:00,09:32:00,26.6,4.5,7.5,1,10.4,300,9.8,1.6,6,6.6,0.054,0.65,0.11,0.6
2021-11-26T00:00:00,09:48:00,26.2,3.9,7.4,1,14.8,360,11,1.6,7,4.8,0.045,0.62,0.09,0.55
2021-11-26T00:00:00,10:07:00,26.2,3.9,7.4,1,12,490,8.7,1.6,5,4.7,0.042,0.58,0.08,0.51
2021-11-26T00:00:00,10:32:00,26.7,4.1,7.4,0.95,8.2,">1,000",6.6,1.6,5,5,0.035,0.58,0.08,0.51
2021-12-15T00:00:00,07:52:00,26.8,8.7,7.1,0.7,7.5,55,8.5,1.6,11,9.9,0.048,0.68,0.11,0.59
2021-12-15T00:00:00,08:29:00,26.6,6.2,7.2,0.7,3.5,73,4.8,1.6,8,9.9,0.054,0.57,0.1,0.49
2021-12-15T00:00:00,08:49:00,26.8,7.1,7.3,0.7,2.9,77,5.8,1.5,8,9.7,0.055,0.62,0.1,0.54
2021-12-15T00:00:00,09:10:00,26.7,8.6,7.3,0.8,2.6,88,6.2,1.5,8,9.1,0.052,0.61,0.1,0.53
2021-12-15T00:00:00,09:28:00,26.2,7.8,7.2,0.8,2.2,120,5,1.5,9,8.8,0.041,0.55,0.09,0.49
2021-12-15T00:00:00,09:42:00,25.6,6.2,7.2,0.8,1.4,120,4.4,1.5,8,8,0.028,0.46,0.06,0.41
2021-12-15T00:00:00,10:00:00,25.2,6,7.2,0.8,0.9,170,3.8,1.7,4,7.5,0.013,0.38,0.04,0.34
2021-12-15T00:00:00,10:28:00,23.7,8.6,7.1,0.9,0.4,120,2.7,2,3,7.6,0.012,0.38,0.03,0.33
2022-01-19T00:00:00,08:08:00,28.7,7.2,7.9,1.1,17.5,11,7.5,1.1,16,6,0.037,0.4,0.06,0.4
2022-01-19T00:00:00,09:03:00,28.9,7.2,7.9,1.1,19.1,11,5.3,1.1,12,6.4,0.033,0.44,0.07,0.44
2022-01-19T00:00:00,09:39:00,28.9,5.9,7.9,1.1,13.3,10,6.4,1.1,10,6.4,0.035,0.41,0.06,0.41
2022-01-19T00:00:00,10:25:00,29,5.8,7.7,1.2,8,22,10,1.2,8,7,0.033,0.4,0.06,0.4
2022-01-19T00:00:00,10:59:00,29,7.8,7.8,1.3,11.2,95,6.9,1.1,11,7.1,0.043,0.42,0.07,0.42
2022-01-19T00:00:00,11:23:00,29.3,5.7,7.9,1.3,11.7,15,7.5,1.1,10,6.8,0.037,0.39,0.06,0.39
2022-01-19T00:00:00,11:56:00,28.9,7,7.6,1.3,6.8,110,6.4,1.1,7,7.2,0.024,0.38,0.05,0.38
2022-01-19T00:00:00,12:30:00,28.2,6.5,7.5,1.3,4.1,95,8.5,1.2,6,7.1,0.019,0.45,0.05,0.45
2022-02-16T00:00:00,07:52:00,24.5,6.8,7.6,0.8,21.8,12,4.2,1.6,33,5.8,0.026,0.44,0.08,0.43
2022-02-16T00:00:00,08:31:00,24.8,7.7,7.6,0.8,20.6,2 EST,12,1.9,15,5.6,0.031,0.42,0.07,0.4
2022-02-16T00:00:00,08:55:00,25,4.7,7.6,0.9,19.5,4 EST,6.8,2,17,6.3,0.028,0.47,0.07,0.45
2022-02-16T00:00:00,09:21:00,25.2,7.6,7.5,1,17.1,19,6.8,1.7,14,6.4,0.03,0.48,0.06,0.46
2022-02-16T00:00:00,09:48:00,25.3,7.7,7.5,1,17.7,15,6.8,1.4,17,6.3,0.032,0.5,0.07,0.47
2022-02-16T00:00:00,10:06:00,25.3,4.5,7.5,1.1,16.9,17,6.2,1.9,8,6.5,0.033,0.48,0.07,0.46
2022-02-16T00:00:00,10:30:00,25.8,4.2,7.4,1.3,15.8,19,4.4,1.7,14,6.4,0.036,0.48,0.06,0.46
2022-02-16T00:00:00,10:53:00,25.9,7.8,7.3,1.2,12.3,35,2.5,-2.4,5,6.7,0.026,0.45,0.05,0.43
2022-03-16T00:00:00,08:38:00,24.4,6.3,7.5,0.6,9.9,32,6.5,1.4,19,6.5,0.035,0.49,0.06,0.3
2022-03-16T00:00:00,09:37:00,25,8.3,7.3,0.6,8.4,45,3.5,1.3,21,7.3,0.055,0.59,0.09,0.48
2022-03-16T00:00:00,10:04:00,25.2,7.9,7.2,0.6,4.5,28,4,1.4,11,6.7,0.06,0.7,0.1,0.58
2022-03-16T00:00:00,10:31:00,25.3,7.6,7.2,0.6,4.4,52,6.4,1.3,19,7.3,0.068,0.59,0.08,0.47
2022-03-16T00:00:00,10:52:00,25.2,7.1,7.1,0.6,3.8,74,4.2,1.4,9,6.8,0.078,0.6,0.12,0.47
2022-03-16T00:00:00,11:10:00,25.2,6.7,7.1,0.55,3,180,6.2,1.5,11,6.7,0.085,0.61,0.15,0.48
2022-03-16T00:00:00,11:52:00,24.9,5.9,7,0.65,1.6,130,2.3,1.3,2,4.4,0.061,0.58,0.13,0.42
2022-03-16T00:00:00,11:54:00,24.5,6.7,7,0.6,1.1,170,3.7,1.4,4,5.4,0.034,0.46,0.07,0.28
2022-04-29T00:00:00,08:00:00,22.4,5.7,7.5,1.5,20.3,5 EST,2.7,1.1,22,6,0.038,0.4,0.06,0.35
2022-04-29T00:00:00,08:50:00,22.8,5,7.5,1.6,19.9,5 EST,2.1,1.1,18,6.2,0.042,0.4,0.06,0.35
2022-04-29T00:00:00,09:24:00,23,5.5,7.4,1.5,16.5,2 EST,1.6,1.1,8,6.2,0.054,0.4,0.08,0.35
2022-04-29T00:00:00,10:07:00,23.6,5.7,7.3,1.5,14.1,8 EST,2.1,1.1,3,6.8,0.12,0.46,0.16,0.41
2022-04-29T00:00:00,10:42:00,23.2,5.2,7.3,1.3,15.4,14,3.7,1.1,18,6.3,0.066,0.42,0.1,0.37
2022-04-29T00:00:00,10:59:00,23.4,5.1,7.2,1.2,13.5,12,4.3,1.1,13,6.1,0.069,0.65,0.1,0.59
2022-04-29T00:00:00,11:23:00,23.4,5.1,7.2,1.1,9.7,50,3.7,1.1,11,6,0.051,0.4,0.07,0.33
2022-04-29T00:00:00,11:54:00,23.3,5.9,7.1,1,7,76,2.1,1.1,7,5.8,0.031,0.39,0.05,0.32
2022-05-25T00:00:00,08:14:00,19.4,10,7.1,0.4,0.3,410,<1,1,12,9.9,0.038,0.83,0.12,0.54
2022-05-25T00:00:00,09:04:00,20.4,9.7,7,0.4,0.3,140,<1,1,9,8.8,0.073,0.73,0.14,0.47
2022-05-25T00:00:00,09:30:00,20.4,7.8,7,0.4,0.2,110,<1,1,10,8.5,0.048,0.7,0.11,0.46
2022-05-25T00:00:00,09:52:00,20.3,8.2,7,0.4,0.2,110,<1,1,6,8.5,0.052,0.66,0.1,0.44
2022-05-25T00:00:00,10:12:00,20.1,7.8,7,0.4,0.2,120,<1,1,4,8.4,0.016,0.64,0.06,0.41
2022-05-25T00:00:00,10:31:00,20,9.5,7,0.4,0.2,73 EST,1.3,1,2,8.5,0.014,0.62,0.06,0.4
2022-05-25T00:00:00,10:51:00,19.9,8.3,7.1,0.4,0.1,120,1.3,1,6,8.2,0.012,0.63,0.06,0.41
2022-05-25T00:00:00,11:18:00,20,8.1,7.1,0.4,0.1,91,<1,1,5,8,0.012,0.62,0.06,0.4
2022-06-15T00:00:00,08:11:00,16.1,7.9,7.6,1.9,20.1,42,3.2,1,10,3.6,0.026,0.34,0.05,0.29
2022-06-15T00:00:00,08:52:00,16.2,7.7,7.7,1.9,19.5,40,2.1,1.1,9,3.6,0.029,0.33,0.05,0.27
2022-06-15T00:00:00,09:16:00,16.2,7.5,7.6,2.1,18.7,39,3.2,1.1,19,3.8,0.038,0.37,0.06,0.3
2022-06-15T00:00:00,09:47:00,16.4,7.6,7.6,2.6,16.8,33,4.3,1.1,18,4.1,0.042,0.38,0.07,0.3
2022-06-15T00:00:00,10:09:00,16.8,7.4,7.5,2.4,15.7,30,3.2,1,21,4,0.079,0.4,0.11,0.32
2022-06-15T00:00:00,10:30:00,17,7.7,7.5,2.3,15.5,27,3.2,1,13,3.9,0.06,0.38,0.09,0.3
2022-06-15T00:00:00,10:58:00,17,8.3,7.4,2.4,10.9,39,6.4,1.1,7,4.5,0.03,0.36,0.05,0.28
2022-06-15T00:00:00,11:27:00,17.1,8.7,7.3,1.1,8.8,32,8.5,1.1,7,4.3,0.016,0.33,0.04,0.26
2022-07-27T00:00:00,07:52:00,16.8,6.7,7.6,1.6,15.9,14,1.8,1,22,4.9,0.034,0.48,0.06,0.35
2022-07-27T00:00:00,08:42:00,16,6.3,7.4,1.5,12.3,15,4.4,1.1,16,5.4,0.043,0.53,0.07,0.37
2022-07-27T00:00:00,09:07:00,16.5,8.8,7.4,1.3,12.3,25,4.4,1.1,14,5.5,0.049,0.55,0.07,0.39
2022-07-27T00:00:00,09:45:00,16.4,6.3,7.3,1.3,10.7,26,6.2,1.1,9,5.8,0.071,0.61,0.1,0.44
2022-07-27T00:00:00,10:07:00,17,6.5,7.3,1.4,9.5,26,5.3,1.1,12,6,0.057,0.62,0.09,0.44
2022-07-27T00:00:00,10:27:00,17,7.8,7.2,1.4,7.3,28,3.6,1.1,9,6.2,0.038,0.59,0.07,0.39
2022-07-27T00:00:00,10:58:00,16.7,6.4,7.1,1.3,3.4,40,4.4,1.1,5,7.2,0.018,0.6,0.05,0.38
2022-07-27T00:00:00,11:28:00,16.4,7.3,7,1.2,1.6,49,5.3,1.1,3,7.3,0.012,0.58,0.04,0.36
2022-08-17T00:00:00,07:49:00,16.4,9.3,7.3,1.45,21.1,7 EST,2.7,1,14,3.8,0.03,0.43,0.05,0.33
2022-08-17T00:00:00,08:24:00,16.7,8.8,7.3,1.6,18.7,17,2.7,1,11,4.3,0.043,0.46,0.06,0.35
2022-08-17T00:00:00,08:40:00,17.3,5.6,7.3,1.7,16,16,2.7,1,11,4.5,0.041,0.46,0.06,0.35
2022-08-17T00:00:00,09:09:00,17.7,8.6,7.3,1.55,13.5,17,1.8,1,8,4.6,0.04,0.45,0.06,0.34
2022-08-17T00:00:00,09:29:00,17.5,8.6,7.3,2,14.9,19,2.7,1,8,4.5,0.037,0.45,0.05,0.33
2022-08-17T00:00:00,09:46:00,17.5,8.7,7.2,1.6,12.6,15,1.8,1,7,4.7,0.029,0.43,0.04,0.31
2022-08-17T00:00:00,10:11:00,17.7,5.6,7.2,1.6,11.1,15,4.4,1.1,9,4.8,0.025,0.43,0.04,0.32
2022-08-17T00:00:00,10:36:00,17.7,8.9,7.2,1.6,8.7,34,4.4,1.1,6,4.7,0.017,0.4,0.03,0.28
2022-09-21T00:00:00,07:39:00,22.8,6,7.7,1.3,21.5,5 EST,1.8,1,20,2.4,0.006,0.25,0.02,0.24
2022-09-21T00:00:00,08:35:00,23.1,6.1,7.7,1.1,20.4,5 EST,2.7,1,27,2.1,0.013,0.32,0.04,0.3
2022-09-21T00:00:00,09:05:00,23.3,5.9,7.6,1.4,18.9,13,2.7,1,28,3.6,0.031,0.4,0.07,0.36
2022-09-21T00:00:00,09:40:00,23.4,5.7,7.5,1.5,17.6,24,2.7,1,16,3.8,0.031,0.5,0.1,0.47
2022-09-21T00:00:00,10:06:00,23.5,5.6,7.5,1.7,18.6,24,3.6,1.1,20,3.5,0.01,0.3,0.04,0.28
2022-09-21T00:00:00,10:30:00,23.7,5.9,7.5,1.8,17,23,5.3,1.1,13,3.9,0.005,0.27,0.03,0.27
2022-09-21T00:00:00,10:56:00,23.7,6.5,7.4,1.5,14.8,35,9.8,1.1,14,4,<0.005,0.31,0.03,0.31
2022-09-21T00:00:00,11:25:00,23.6,7.1,7.4,1.1,11.1,68,12,1.1,14,4.2,<0.005,0.3,0.03,0.3
2022-10-26T00:00:00,08:00:00,22.4,6,7.3,0.7,5.4,420,1.1,1,15,7.3,0.03,0.62,0.08,0.46
2022-10-26T00:00:00,08:54:00,22.4,7.3,7.3,0.6,6.8,350,1.8,1,13,7.5,0.031,0.64,0.08,0.47
2022-10-26T00:00:00,09:30:00,22.8,5.4,7.3,0.7,2.9,370,1.8,1,8,7.6,0.03,0.68,0.08,0.5
2022-10-26T00:00:00,10:07:00,22.7,5.4,7.2,0.7,2.4,290,1.8,1,7,7.4,0.029,0.64,0.07,0.45
2022-10-26T00:00:00,10:43:00,23.2,6,7.2,0.7,2,300,2.7,1,8,7.1,0.027,0.63,0.07,0.43
2022-10-26T00:00:00,11:17:00,22.8,6.6,7.3,0.7,1,230,2.7,1,<2,6.8,0.021,0.58,0.05,0.38
2022-10-26T00:00:00,11:52:00,21.5,6.6,7.2,1,0.5,230,<1,1,<2,6.1,0.006,0.5,0.03,0.32
2022-10-26T00:00:00,12:26:00,20.8,7.7,7.2,1,0.3,91,<1,1,<2,6.1,<0.005,0.54,0.03,0.35
2022-11-30T00:00:00,07:51:00,24.8,4.4,7.3,1.2,21.2,14,8.5,1.1,22,4.8,0.016,0.51,0.06,0.5
2022-11-30T00:00:00,08:34:00,24.8,4.3,7.3,1.5,23.3,14,8.9,1.1,12,4.8,0.029,0.6,0.07,0.57
2022-11-30T00:00:00,09:00:00,24.9,3.9,7.2,1.5,16.7,19,12,1.2,17,5.2,0.026,0.63,0.07,0.59
2022-11-30T00:00:00,09:28:00,24.9,4,7.2,1.3,14.6,32,11,1.1,9,5.3,0.028,0.59,0.06,0.54
2022-11-30T00:00:00,10:22:00,24.7,4.3,7.2,1.3,14.5,28,17,1.2,15,5.3,0.037,0.66,0.08,0.61
2022-11-30T00:00:00,10:42:00,24.9,3.6,7.2,1.4,13.9,36,17,1.2,15,5.1,0.016,0.63,0.06,0.58
2022-11-30T00:00:00,11:13:00,25.2,3.7,7.1,1.6,13.2,30,12,1.2,11,5,0.017,0.57,0.05,0.51
2022-11-30T00:00:00,11:42:00,25,3.9,7.1,1.5,11.1,41,20,1.2,8,5.2,0.016,0.61,0.05,0.54
2022-12-16T00:00:00,08:06:00,27.6,6.9,7.4,1.1,19.3,12,6.2,1.1,19,3.4,0.016,0.33,0.05,0.33
2022-12-16T00:00:00,08:46:00,27.8,5.9,7.4,1.1,20.5,4 EST,7.1,1.1,28,3.8,0.018,0.39,0.05,0.39
2022-12-16T00:00:00,09:09:00,28,4.3,7.3,1.2,17.6,10,8,1.1,28,3.8,0.018,0.53,0.05,0.53
2022-12-16T00:00:00,09:31:00,28.2,7.2,7.3,1.2,15.7,14,7.1,1.1,15,4.5,0.023,0.39,0.05,0.39
2022-12-16T00:00:00,09:47:00,28.4,4.3,7.3,1.3,15.3,9 EST,5.3,1.1,15,3.2,0.011,0.3,0.03,0.3
2022-12-16T00:00:00,10:14:00,28.7,7.1,7.3,1.7,15.2,5 EST,6.2,1.1,13,3.8,0.01,0.32,0.03,0.32
2022-12-16T00:00:00,10:44:00,29,4.7,7.3,1.7,13.1,8 EST,7.1,1.1,18,3.8,0.008,0.35,0.04,0.35
2022-12-16T00:00:00,11:10:00,28.6,5.1,7.3,1.6,10.7,13,12,1.1,7,4.3,<0.005,0.36,0.03,0.36
2023-01-31T00:00:00,08:13:00,31.2,5,7.5,0.9,27,1,9.8,1.1,17,2.8,0.022,0.37,0.06,0.37
2023-01-31T00:00:00,09:07:00,31.4,5,7.5,1,26.5,10,8,1.1,14,3.5,0.041,0.4,0.08,0.4
2023-01-31T00:00:00,09:34:00,31.4,5.4,7.5,1,22.8,36,8.9,1.1,26,3.5,0.046,0.41,0.09,0.41
2023-01-31T00:00:00,10:02:00,31.6,4.3,7.4,1,22.4,70,8.9,1.1,18,4.1,0.089,0.5,0.14,0.5
2023-01-31T00:00:00,10:24:00,31.5,6.9,7.4,1.1,23.2,50,11,1.1,22,3.1,0.026,0.4,0.06,0.4
2023-01-31T00:00:00,10:43:00,31.6,4.3,7.3,1.1,21.2,50,9.8,1.1,27,3,0.02,0.39,0.06,0.39
2023-01-31T00:00:00,11:13:00,31.8,7.4,7.3,1.2,17.4,64,9.8,1.1,22,3.5,0.012,0.4,0.05,0.4
2023-01-31T00:00:00,11:39:00,31.8,4.7,7.3,1,14.2,120,9.8,1.1,12,3.1,0.006,0.41,0.05,0.41
2023-02-16T00:00:00,08:03:00,28.7,4.9,7.6,0.9,26.9,11,8.9,1.1,32,2.7,0.028,0.39,0.07,0.39
2023-02-16T00:00:00,08:44:00,28.6,7,7.6,1.1,27,17,8,1.1,17,2.6,0.044,0.41,0.08,0.41
2023-02-16T00:00:00,09:11:00,29,5.7,7.5,1,23.8,30,8,1.1,16,3.1,0.065,0.44,0.11,0.44
2023-02-16T00:00:00,09:38:00,29.2,4.8,7.5,1,24.4,49,8.9,1.1,21,3.4,0.059,0.47,0.11,0.47
2023-02-16T00:00:00,10:02:00,29.4,6.9,7.5,1.1,24,49,12,1.1,25,2.9,0.045,0.43,0.09,0.43
2023-02-16T00:00:00,10:22:00,29.5,4.2,7.4,1,22.6,40,11,1.1,33,3.3,0.033,0.4,0.08,0.4
2023-02-16T00:00:00,10:49:00,29.6,4.3,7.4,0.9,19.3,90,13,1.2,29,3.5,0.017,0.4,0.06,0.4
2023-02-16T00:00:00,11:10:00,29.4,4.7,7.3,1,15.7,240,16,1.2,17,3.6,0.006,0.4,0.05,0.4
2023-03-08T00:00:00,08:25:00,28.4,5.5,7.7,1,28.6,2 EST,8,1.1,40,3.1,0.028,0.34,0.07,0.34
2023-03-08T00:00:00,09:09:00,28.5,5.5,7.7,1,28,1 EST,9.8,1.1,16,3.1,0.029,0.34,0.07,0.34
2023-03-08T00:00:00,09:40:00,28.6,4.9,7.7,0.9,28.3,2 EST,12,1.2,45,3.1,0.031,0.38,0.08,0.38
2023-03-08T00:00:00,10:17:00,28.8,5,7.6,1,27.4,4 EST,12,1.1,25,3.5,0.03,0.39,0.08,0.39
2023-03-08T00:00:00,10:47:00,29,5.3,7.6,1,27,7 EST,12,1.1,31,3.6,0.043,0.38,0.09,0.38
2023-03-08T00:00:00,11:20:00,29.1,5.7,7.6,1,27,15,12,1.1,24,3.4,0.037,0.38,0.09,0.38
2023-03-08T00:00:00,11:46:00,29.2,5.6,7.5,1.1,24.3,15,15,1.2,12,3.9,0.037,0.4,0.09,0.4
2023-03-08T00:00:00,12:13:00,29.1,5.3,7.3,1.1,22,55,15,1.2,17,3.6,0.026,0.38,0.07,0.38
2023-04-19T00:00:00,09:18:00,24.6,7.4,7.7,1.3,31.8,1 EST,4.4,1.1,25,2.1,0.025,0.31,0.06,0.31
2023-04-19T00:00:00,10:07:00,25.1,6,7.7,1.3,30.3,5 EST,8.9,1.1,18,2.2,0.028,0.34,0.07,0.34
2023-04-19T00:00:00,10:39:00,25.5,6.2,7.7,1.3,27.9,69,13,1.1,13,2.9,0.03,0.4,0.08,0.4
2023-04-19T00:00:00,11:16:00,25.5,5.8,7.6,1.3,27.2,10,12,1.1,21,2.9,0.034,0.43,0.08,0.42
2023-04-19T00:00:00,11:42:00,25.5,5.8,7.6,1.2,26.6,14,12,1.1,19,2.6,0.035,0.43,0.08,0.41
2023-04-19T00:00:00,12:05:00,25.6,7.4,7.5,1.2,25.3,8 EST,12,1.1,39,2.8,0.038,0.44,0.08,0.41
2023-04-19T00:00:00,12:40:00,25.6,5,7.4,1.3,22.6,15,9.8,1.1,19,2.6,0.031,0.41,0.07,0.37
2023-04-19T00:00:00,13:14:00,25.7,6.4,7.3,1.2,20.7,31,11,1.1,13,2.4,0.021,0.38,0.06,0.35
2023-05-10T00:00:00,08:37:00,18.9,6.4,7.7,0.9,28.5,7 EST,4,1,26,6.2,0.022,0.39,0.07,0.39
2023-05-10T00:00:00,09:29:00,19.1,9,7.7,0.9,27.5,5 EST,<1,1,39,<5.0,0.024,0.43,0.08,0.43
2023-05-10T00:00:00,09:57:00,19.5,6.6,7.7,1,27.8,6 EST,2.7,1,36,5,0.025,0.42,0.08,0.42
2023-05-10T00:00:00,10:26:00,19.9,5.9,7.6,1,26.4,14,4,1,40,<5.0,0.029,0.43,0.07,0.43
2023-05-10T00:00:00,10:54:00,20.3,8.6,7.6,1,24.9,9 EST,5.3,1.1,49,5.6,0.034,0.44,0.08,0.44
2023-05-10T00:00:00,11:12:00,20.4,8.6,7.5,1,23.9,5 EST,4,1.2,34,<5.0,0.041,0.47,0.09,0.46
2023-05-10T00:00:00,11:42:00,19.7,8.7,7.4,1.1,24.2,15,1.3,1,36,<5.0,0.025,0.41,0.07,0.39
2023-05-10T00:00:00,12:11:00,20.2,5.7,7.4,1.3,22.2,15,<1,1,25,<5.0,0.022,0.4,0.06,0.37
2023-06-21T00:00:00,09:05:00,17.1,8,7.7,1.7,28.6,8 EST,5.3,1.1,27,20.9,0.017,0.3,0.05,0.28
2023-06-21T00:00:00,10:02:00,17.4,7.2,7.7,1.7,28.1,8 EST,2.7,1,25,13.3,0.015,0.33,0.05,0.31
2023-06-21T00:00:00,10:41:00,17.7,7.3,7.7,1.6,27.3,5 EST,2.7,1,46,12.9,0.016,0.4,0.05,0.36
2023-06-21T00:00:00,11:16:00,18,7,7.6,1.6,26.6,9,2.7,1,11,11.9,0.018,0.39,0.05,0.35
2023-06-21T00:00:00,11:46:00,18.1,6.2,7.5,1.6,25.3,14,2.7,1,18,10.4,0.02,0.42,0.05,0.37
2023-06-21T00:00:00,12:06:00,18.5,6.3,7.5,1.7,24.7,6 EST,<1,1,30,9.6,0.024,0.44,0.06,0.37
2023-06-21T00:00:00,12:38:00,18.1,6.1,7.4,1.8,23.2,14,1.3,1,30,8.6,0.023,0.37,0.04,0.3
2023-06-21T00:00:00,13:04:00,17.9,6,7.3,1.6,21.7,29,<1,1,22,8,0.021,0.35,0.04,0.28
2023-07-05T00:00:00,08:09:00,17.2,6.4,7.5,1.5,28.8,72,<1,1,27,7.7,0.022,0.39,0.05,0.34
2023-07-05T00:00:00,08:55:00,17.3,6.3,7.5,1.5,30.4,74,<1,1,29,3.7,0.023,0.38,0.05,0.34
2023-07-05T00:00:00,09:34:00,17.8,6.5,7.4,1.4,25.9,140,1.3,1.1,25,4.4,0.027,0.48,0.06,0.41
2023-07-05T00:00:00,10:08:00,17.8,6.2,7.4,1.3,26.1,170,2.7,1,33,1.7,0.027,0.49,0.06,0.42
2023-07-05T00:00:00,10:44:00,18.3,5.8,7.4,1.4,25.3,86,<1,1,30,2.5,0.031,0.69,0.07,0.6
2023-07-05T00:00:00,11:08:00,18,7.7,7.4,1.3,25.6,190,2.7,1,26,3.7,0.03,0.61,0.06,0.53
2023-07-05T00:00:00,11:45:00,18.5,5.1,7.2,1.4,21.3,310,1.3,1,38,2.8,0.026,0.46,0.05,0.38
2023-07-05T00:00:00,12:21:00,18.3,5.2,7.2,1.4,19.9,540,<1,1,25,2.9,0.02,0.39,0.04,0.31
2023-08-02T00:00:00,08:09:00,19.5,7.2,7.6,1.5,31,14,<1,1,28,10.6,0.02,0.36,0.05,0.3
2023-08-02T00:00:00,09:10:00,19.6,6.7,7.6,1.3,31.3,15,<1,1,33,5.9,0.021,0.37,0.05,0.31
2023-08-02T00:00:00,09:44:00,19.7,6.7,7.6,1.2,29.9,15,1.3,1,27,7.2,0.02,0.4,0.05,0.33
2023-08-02T00:00:00,10:20:00,19.9,6.2,7.6,1.3,29.3,20,<1,1,27,5.2,0.022,0.43,0.05,0.35
2023-08-02T00:00:00,10:54:00,20,6.4,7.5,1.4,27.7,15,4,1,27,7.6,0.028,0.5,0.06,0.41
2023-08-02T00:00:00,11:18:00,20,6.3,7.4,1.3,27.4,10,4,1,12,10.5,0.029,0.49,0.06,0.39
2023-08-02T00:00:00,11:47:00,20,5.4,7.3,1.3,24.3,25,1.3,1,15,5.2,0.025,0.47,0.05,0.36
2023-08-02T00:00:00,12:25:00,20,5.5,7.2,1.5,22.9,36,1.3,1,16,8.4,0.018,0.41,0.04,0.32
2023-09-20T00:00:00,09:21:00,22.3,5.8,7.6,1.6,31.2,1 EST,1.3,1,21,12.6,0.047,0.42,0.06,0.36
2023-09-20T00:00:00,10:19:00,22.3,5.2,7.6,1.3,33.7,2 EST,<1,1,28,9.6,0.046,0.44,0.06,0.38
2023-09-20T00:00:00,11:02:00,23,7.7,7.6,1.1,30.5,1 EST,2.7,1,26,10.3,0.046,0.46,0.07,0.39
2023-09-20T00:00:00,11:36:00,23.4,5.3,7.5,1.2,30.1,2 EST,2.7,1,20,9.7,0.049,0.51,0.07,0.44
2023-09-20T00:00:00,12:14:00,23.9,7.7,7.5,1.1,28.3,2 EST,4,1,17,11.1,0.064,0.56,0.09,0.49
2023-09-20T00:00:00,13:05:00,23.7,4.7,7.5,1.1,29.3,3 EST,1.3,1,19,10.3,0.053,0.51,0.08,0.44
2023-09-20T00:00:00,13:38:00,23.5,4.9,7.4,1.3,28.4,5 EST,4,1,30,8.8,0.054,0.5,0.07,0.42
2023-09-20T00:00:00,14:04:00,23.8,5.1,7.4,1.4,25,31,2.7,1,17,9,0.038,0.43,0.06,0.36
2023-10-18T00:00:00,08:48:00,24,5.9,7.8,0.9,32.9,5 EST,1.3,1,22,4.3,0.029,0.43,0.08,0.43
2023-10-18T00:00:00,09:34:00,24,5.4,7.8,0.9,34.4,3 EST,1.3,1,23,4.4,0.03,0.43,0.09,0.41
2023-10-18T00:00:00,10:10:00,24.1,5.6,7.8,0.8,32.8,2 EST,2.7,1,19,4.6,0.029,0.44,0.09,0.44
2023-10-18T00:00:00,10:47:00,24.4,5.6,7.7,0.8,32.1,4 EST,6.7,1.1,22,6,0.03,0.43,0.09,0.43
2023-10-18T00:00:00,11:29:00,24.5,5.8,7.8,0.9,31.6,4 EST,4,1,19,4.6,0.032,0.47,0.09,0.47
2023-10-18T00:00:00,11:52:00,24.6,5.6,7.8,0.8,31.2,5 EST,5.3,1.1,22,6.8,0.032,0.48,0.1,0.48
2023-10-18T00:00:00,12:25:00,25,5.2,7.7,0.8,30,5 EST,12,1.1,18,5.9,0.035,0.53,0.1,0.52
2023-10-18T00:00:00,12:52:00,25.2,5.4,7.6,0.8,27.8,6 EST,5.3,1.1,16,3.4,0.04,0.53,0.09,0.48
2023-11-15T00:00:00,09:03:00,26.3,10.1,7.7,1.7,29.8,4 EST,4,1.1,22,12.7,0.044,0.37,0.1,0.36
2023-11-15T00:00:00,10:11:00,27.2,6.8,7.7,1.5,29.8,<1,5.3,1,11,10.4,0.043,0.38,0.07,0.38
2023-11-15T00:00:00,10:50:00,27.8,7.3,7.7,1.3,28.3,<1,8,1.1,8,10.1,0.048,0.4,0.08,0.39
2023-11-15T00:00:00,11:17:00,27.6,6.4,7.6,1.2,27.7,9,8,1.1,24,11.7,0.047,0.44,0.09,0.43
2023-11-15T00:00:00,11:53:00,27.6,6.4,7.7,1.5,29.3,3 EST,11,1.1,20,10.7,0.053,0.42,0.12,0.42
2023-11-15T00:00:00,12:16:00,27.8,6,7.6,0.9,28.6,6 EST,12,1.1,21,14.3,0.058,0.47,0.09,0.47
2023-11-15T00:00:00,12:50:00,28.1,5.3,7.5,1.1,26.9,68,11,1.1,18,11.7,0.058,0.44,0.09,0.43
2023-11-15T00:00:00,13:18:00,27.9,5.5,7.4,1.3,24.1,30,8,1.1,12,9.9,0.052,0.44,0.09,0.42
2023-12-13T00:00:00,10:21:00,28.6,6.9,7.8,0.9,29.7,4 EST,7.1,1.1,25,2.6,0.033,0.47,0.08,0.47
2023-12-13T00:00:00,11:15:00,29.3,5.9,7.7,1.1,26.7,2 EST,11,1.1,28,3,0.053,0.41,0.1,0.41
2023-12-13T00:00:00,11:54:00,29.4,5.9,7.7,1,26.1,6 EST,1.8,1,22,2.9,0.057,0.42,0.1,0.42
2023-12-13T00:00:00,12:31:00,29.3,6.2,7.6,0.9,25.7,39,8.9,1.1,19,2.6,0.061,0.46,0.12,0.46
2023-12-13T00:00:00,12:57:00,29.7,5.4,7.6,0.9,24.9,16,12,1.1,27,3,0.061,0.46,0.12,0.46
2023-12-13T00:00:00,13:17:00,30,5.4,7.6,1.1,24.4,25,8.5,1.1,21,3.2,0.064,0.45,0.12,0.45
2023-12-13T00:00:00,13:45:00,29.9,4.8,7.5,1.3,21.7,31,1.1,1,17,2.9,0.06,0.45,0.11,0.43
2023-12-13T00:00:00,14:21:00,29.8,4.6,7.4,1.3,20.2,38,1.1,1,11,3,0.052,0.42,0.09,0.4
